condition_name,condition_type,extracted,hit_target,instructed_target,interact_start,player_success,secs_after_interact,secs_before_interact,video_name,player_name,miss_goal,left_right
dynamic_120ms,video,True,5.0,1,1.6,F,-0.12,0.6,DC_1,DC,goal,right
dynamic_120ms,video,True,2.0,2,2.5,T,-0.12,0.6,DC_2,DC,miss,right
dynamic_120ms,video,True,6.0,6,1.9,T,-0.12,0.6,DC_3,DC,goal,right
dynamic_120ms,video,True,15.0,15,1.6,T,-0.12,0.6,DC_4,DC,miss,left
dynamic_120ms,video,True,14.0,14,1.7,T,-0.12,0.6,DC_5,DC,miss,left
dynamic_120ms,video,True,12.0,12,1.7,T,-0.12,0.6,DC_6,DC,goal,left
dynamic_120ms,video,True,9.0,9,1.7,T,-0.12,0.6,DC_7,DC,goal,left
dynamic_120ms,video,True,10.0,10,1.4,T,-0.12,0.6,DC_8,DC,goal,left
dynamic_120ms,video,True,3.0,3,1.6,T,-0.12,0.6,DC_9,DC,miss,right
dynamic_120ms,video,True,16.0,16,1.4,T,-0.12,0.6,DC_10,DC,miss,left
dynamic_120ms,video,True,5.0,5,1.7,T,-0.12,0.6,DC_11,DC,goal,right
dynamic_120ms,video,True,8.0,8,1.7,T,-0.12,0.6,DC_12,DC,goal,right
dynamic_120ms,video,True,11.0,11,1.5,T,-0.12,0.6,DC_13,DC,goal,left
dynamic_120ms,video,True,13.0,13,1.3,T,-0.12,0.6,DC_14,DC,miss,left
dynamic_120ms,video,True,4.0,4,1.4,T,-0.12,0.6,DC_15,DC,miss,right
dynamic_120ms,video,True,7.0,7,1.9,T,-0.12,0.6,DC_16,DC,goal,right
dynamic_120ms,video,True,7.0,7,1.7,T,-0.12,0.6,DC_17,DC,goal,right
dynamic_120ms,video,True,3.0,3,1.5,T,-0.12,0.6,DC_18,DC,miss,right
dynamic_120ms,video,True,9.0,9,1.4,T,-0.12,0.6,DC_19,DC,goal,left
dynamic_120ms,video,True,14.0,14,1.4,T,-0.12,0.6,DC_20,DC,miss,left
dynamic_120ms,video,True,10.0,10,1.4,T,-0.12,0.6,DC_21,DC,goal,left
dynamic_120ms,video,True,13.0,13,1.3,F,-0.12,0.6,DC_22,DC,miss,left
dynamic_120ms,video,True,11.0,11,1.5,T,-0.12,0.6,DC_23,DC,goal,left
dynamic_120ms,video,True,4.0,4,1.5,T,-0.12,0.6,DC_24,DC,miss,right
dynamic_120ms,video,True,1.0,1,1.4,T,-0.12,0.6,DC_25,DC,miss,right
dynamic_120ms,video,True,16.0,16,1.3,T,-0.12,0.6,DC_26,DC,miss,left
dynamic_120ms,video,True,15.0,15,1.3,T,-0.12,0.6,DC_27,DC,miss,left
dynamic_120ms,video,True,6.0,6,1.5,T,-0.12,0.6,DC_28,DC,goal,right
dynamic_120ms,video,True,12.0,12,1.7,T,-0.12,0.6,DC_29,DC,goal,left
dynamic_120ms,video,True,8.0,8,1.5,T,-0.12,0.6,DC_30,DC,goal,right
dynamic_120ms,video,True,2.0,2,1.6,T,-0.12,0.6,DC_31,DC,miss,right
dynamic_120ms,video,True,5.0,5,1.6,T,-0.12,0.6,DC_32,DC,goal,right
dynamic_120ms,video,True,2.0,2,1.6,T,-0.12,0.6,DC_33,DC,miss,right
dynamic_120ms,video,True,14.0,14,1.3,T,-0.12,0.6,DC_34,DC,miss,left
dynamic_120ms,video,True,9.0,9,1.7,T,-0.12,0.6,DC_35,DC,goal,left
dynamic_120ms,video,True,6.0,6,1.3,T,-0.12,0.6,DC_36,DC,goal,right
dynamic_120ms,video,True,5.0,5,1.7,T,-0.12,0.6,DC_37,DC,goal,right
dynamic_120ms,video,True,15.0,15,1.5,T,-0.12,0.6,DC_38,DC,miss,left
dynamic_120ms,video,True,1.0,1,1.4,T,-0.12,0.6,DC_39,DC,miss,right
dynamic_120ms,video,True,8.0,8,1.7,T,-0.12,0.6,DC_40,DC,goal,right
dynamic_120ms,video,True,4.0,4,1.6,T,-0.12,0.6,DC_41,DC,miss,right
dynamic_120ms,video,True,7.0,7,1.7,T,-0.12,0.6,DC_42,DC,goal,right
dynamic_120ms,video,True,3.0,3,1.4,T,-0.12,0.6,DC_43,DC,miss,right
dynamic_120ms,video,True,13.0,13,1.4,T,-0.12,0.6,DC_44,DC,miss,left
dynamic_120ms,video,True,12.0,12,1.5,T,-0.12,0.6,DC_45,DC,goal,left
dynamic_120ms,video,True,10.0,10,1.7,T,-0.12,0.6,DC_46,DC,goal,left
dynamic_120ms,video,True,16.0,16,1.4,T,-0.12,0.6,DC_47,DC,miss,left
dynamic_120ms,video,True,11.0,11,1.3,F,-0.12,0.6,DC_48,DC,goal,left
dynamic_120ms,video,True,1.0,1,1.2,T,-0.12,0.6,DC_49,DC,miss,right
dynamic_120ms,video,True,6.0,6,1.4,T,-0.12,0.6,DC_50,DC,goal,right
dynamic_120ms,video,True,3.0,3,1.5,T,-0.12,0.6,DC_51,DC,miss,right
dynamic_120ms,video,True,15.0,15,1.5,T,-0.12,0.6,DC_52,DC,miss,left
dynamic_120ms,video,True,13.0,13,1.6,T,-0.12,0.6,DC_53,DC,miss,left
dynamic_120ms,video,True,8.0,8,1.6,T,-0.12,0.6,DC_54,DC,goal,right
dynamic_120ms,video,True,5.0,5,1.6,T,-0.12,0.6,DC_55,DC,goal,right
dynamic_120ms,video,True,11.0,11,1.6,T,-0.12,0.6,DC_56,DC,goal,left
dynamic_120ms,video,True,12.0,12,1.4,T,-0.12,0.6,DC_57,DC,goal,left
dynamic_120ms,video,True,10.0,10,1.4,T,-0.12,0.6,DC_58,DC,goal,left
dynamic_120ms,video,True,14.0,14,1.3,T,-0.12,0.6,DC_59,DC,miss,left
dynamic_120ms,video,True,16.0,16,1.4,T,-0.12,0.6,DC_60,DC,miss,left
dynamic_120ms,video,True,4.0,4,1.7,T,-0.12,0.6,DC_61,DC,miss,right
dynamic_120ms,video,True,2.0,2,1.7,T,-0.12,0.6,DC_62,DC,miss,right
dynamic_120ms,video,True,7.0,7,1.6,T,-0.12,0.6,DC_63,DC,goal,right
dynamic_120ms,video,True,9.0,9,1.4,T,-0.12,0.6,DC_64,DC,goal,left
dynamic_120ms,video,True,15.0,15,1.3,T,-0.12,0.6,DC_65,DC,miss,left
dynamic_120ms,video,True,11.0,11,1.3,T,-0.12,0.6,DC_66,DC,goal,left
dynamic_120ms,video,True,5.0,5,1.5,T,-0.12,0.6,DC_67,DC,goal,right
dynamic_120ms,video,True,16.0,16,1.6,T,-0.12,0.6,DC_68,DC,miss,left
dynamic_120ms,video,True,6.0,6,1.7,T,-0.12,0.6,DC_69,DC,goal,right
dynamic_120ms,video,True,9.0,9,1.7,T,-0.12,0.6,DC_70,DC,goal,left
dynamic_120ms,video,True,10.0,10,1.4,T,-0.12,0.6,DC_71,DC,goal,left
dynamic_120ms,video,True,14.0,14,1.4,T,-0.12,0.6,DC_72,DC,miss,left
dynamic_120ms,video,True,2.0,2,1.3,T,-0.12,0.6,DC_73,DC,miss,right
dynamic_120ms,video,True,4.0,4,1.1,T,-0.12,0.6,DC_74,DC,miss,right
dynamic_120ms,video,True,1.0,1,1.6,T,-0.12,0.6,DC_75,DC,miss,right
dynamic_120ms,video,True,3.0,3,1.6,T,-0.12,0.6,DC_76,DC,miss,right
dynamic_120ms,video,True,8.0,8,1.6,T,-0.12,0.6,DC_77,DC,goal,right
dynamic_120ms,video,True,13.0,13,1.7,F,-0.12,0.6,DC_78,DC,miss,left
dynamic_120ms,video,True,12.0,12,1.5,T,-0.12,0.6,DC_79,DC,goal,left
dynamic_120ms,video,True,7.0,7,1.5,T,-0.12,0.6,DC_80,DC,goal,right
dynamic_120ms,video,True,3.0,3,1.5,T,-0.12,0.6,DC_81,DC,miss,right
dynamic_120ms,video,True,9.0,9,1.5,T,-0.12,0.6,DC_82,DC,goal,left
dynamic_120ms,video,True,5.0,5,1.6,T,-0.12,0.6,DC_83,DC,goal,right
dynamic_120ms,video,True,13.0,13,1.5,T,-0.12,0.6,DC_84,DC,miss,left
dynamic_120ms,video,True,1.0,1,1.6,T,-0.12,0.6,DC_85,DC,miss,right
dynamic_120ms,video,True,11.0,11,1.3,T,-0.12,0.6,DC_86,DC,goal,left
dynamic_120ms,video,True,7.0,7,1.5,T,-0.12,0.6,DC_87,DC,goal,right
dynamic_120ms,video,True,6.0,6,1.5,T,-0.12,0.6,DC_88,DC,goal,right
dynamic_120ms,video,True,8.0,8,1.4,T,-0.12,0.6,DC_89,DC,goal,right
dynamic_120ms,video,True,4.0,4,1.4,F,-0.12,0.6,DC_90,DC,miss,right
dynamic_120ms,video,True,14.0,14,1.2,T,-0.12,0.6,DC_91,DC,miss,left
dynamic_120ms,video,True,16.0,16,1.6,T,-0.12,0.6,DC_92,DC,miss,left
dynamic_120ms,video,True,12.0,12,1.5,T,-0.12,0.6,DC_93,DC,goal,left
dynamic_120ms,video,True,10.0,10,1.7,T,-0.12,0.6,DC_94,DC,goal,left
dynamic_120ms,video,True,2.0,2,1.7,T,-0.12,0.6,DC_95,DC,miss,right
dynamic_120ms,video,True,15.0,15,1.3,T,-0.12,0.6,DC_96,DC,miss,left
dynamic_120ms,video,True,15.0,15,1.5,T,-0.12,0.6,DC_97,DC,miss,left
dynamic_120ms,video,True,14.0,14,1.4,T,-0.12,0.6,DC_98,DC,miss,left
dynamic_120ms,video,True,3.0,3,1.6,T,-0.12,0.6,DC_99,DC,miss,right
dynamic_120ms,video,True,4.0,4,1.3,T,-0.12,0.6,DC_100,DC,miss,right
dynamic_120ms,video,True,6.0,6,1.4,T,-0.12,0.6,DC_101,DC,goal,right
dynamic_120ms,video,True,16.0,16,1.4,T,-0.12,0.6,DC_102,DC,miss,left
dynamic_120ms,video,True,7.0,7,1.7,T,-0.12,0.6,DC_103,DC,goal,right
dynamic_120ms,video,True,7.0,7,1.6,T,-0.12,0.6,DC_104,DC,goal,right
dynamic_120ms,video,True,12.0,12,1.6,T,-0.12,0.6,DC_105,DC,goal,left
dynamic_120ms,video,True,1.0,1,1.6,F,-0.12,0.6,DC_106,DC,miss,right
dynamic_120ms,video,True,11.0,11,1.2,T,-0.12,0.6,DC_107,DC,goal,left
dynamic_120ms,video,True,9.0,9,1.5,T,-0.12,0.6,DC_108,DC,goal,left
dynamic_120ms,video,True,10.0,10,1.5,T,-0.12,0.6,DC_109,DC,goal,left
dynamic_120ms,video,True,8.0,8,1.5,T,-0.12,0.6,DC_110,DC,goal,right
dynamic_120ms,video,True,5.0,5,1.6,T,-0.12,0.6,DC_111,DC,goal,right
dynamic_120ms,video,True,2.0,2,1.2,T,-0.12,0.6,DC_112,DC,miss,right
dynamic_120ms,video,True,13.0,13,1.4,T,-0.12,0.6,DC_113,DC,miss,left
dynamic_120ms,video,True,12.0,12,1.3,T,-0.12,0.6,DC_114,DC,goal,left
dynamic_120ms,video,True,10.0,10,1.4,T,-0.12,0.6,DC_115,DC,goal,left
dynamic_120ms,video,True,14.0,14,1.6,T,-0.12,0.6,DC_116,DC,miss,left
dynamic_120ms,video,True,6.0,6,1.4,T,-0.12,0.6,DC_117,DC,goal,right
dynamic_120ms,video,True,9.0,9,1.1,T,-0.12,0.6,DC_118,DC,goal,left
dynamic_120ms,video,True,4.0,4,1.5,T,-0.12,0.6,DC_119,DC,miss,right
dynamic_120ms,video,True,11.0,11,1.4,T,-0.12,0.6,DC_120,DC,goal,left
dynamic_120ms,video,True,2.0,2,1.6,T,-0.12,0.6,DC_121,DC,miss,right
dynamic_120ms,video,True,7.0,7,1.7,T,-0.12,0.6,DC_122,DC,goal,right
dynamic_120ms,video,True,5.0,5,1.6,T,-0.12,0.6,DC_123,DC,goal,right
dynamic_120ms,video,True,15.0,15,1.4,T,-0.12,0.6,DC_124,DC,miss,left
dynamic_120ms,video,True,13.0,13,1.5,T,-0.12,0.6,DC_125,DC,miss,left
dynamic_120ms,video,True,16.0,16,1.4,T,-0.12,0.6,DC_126,DC,miss,left
dynamic_120ms,video,True,8.0,8,1.5,T,-0.12,0.6,DC_127,DC,goal,right
dynamic_120ms,video,True,1.0,1,1.6,T,-0.12,0.6,DC_128,DC,miss,right
dynamic_120ms,video,True,3.0,3,1.4,T,-0.12,0.6,DC_129,DC,miss,right
dynamic_120ms,video,True,4.0,4,1.5,F,-0.12,0.6,DC_130,DC,miss,right
dynamic_120ms,video,True,2.0,2,1.5,T,-0.12,0.6,DC_131,DC,miss,right
dynamic_120ms,video,True,12.0,12,1.5,T,-0.12,0.6,DC_132,DC,goal,left
dynamic_120ms,video,True,9.0,9,1.6,T,-0.12,0.6,DC_133,DC,goal,left
dynamic_120ms,video,True,14.0,14,1.4,T,-0.12,0.6,DC_134,DC,miss,left
dynamic_120ms,video,True,1.0,1,1.5,T,-0.12,0.6,DC_135,DC,miss,right
dynamic_120ms,video,True,10.0,10,1.5,T,-0.12,0.6,DC_136,DC,goal,left
dynamic_120ms,video,True,11.0,11,1.5,T,-0.12,0.6,DC_137,DC,goal,left
dynamic_120ms,video,True,6.0,6,1.3,T,-0.12,0.6,DC_138,DC,goal,right
dynamic_120ms,video,True,13.0,13,1.4,F,-0.12,0.6,DC_139,DC,miss,left
dynamic_120ms,video,True,3.0,3,1.4,T,-0.12,0.6,DC_140,DC,miss,right
dynamic_120ms,video,True,5.0,5,1.5,F,-0.12,0.6,DC_141,DC,goal,right
dynamic_120ms,video,True,8.0,8,1.5,T,-0.12,0.6,DC_142,DC,goal,right
dynamic_120ms,video,True,15.0,15,1.4,T,-0.12,0.6,DC_143,DC,miss,left
dynamic_120ms,video,True,7.0,7,1.5,T,-0.12,0.6,DC_144,DC,goal,right
dynamic_120ms,video,True,16.0,16,1.5,T,-0.12,0.6,DC_145,DC,miss,left
dynamic_120ms,video,True,13.0,13,1.5,F,-0.12,0.6,DC_146,DC,miss,left
dynamic_120ms,video,True,14.0,14,1.3,T,-0.12,0.6,DC_147,DC,miss,left
dynamic_120ms,video,True,2.0,2,1.7,T,-0.12,0.6,DC_148,DC,miss,right
dynamic_120ms,video,True,6.0,6,1.7,T,-0.12,0.6,DC_149,DC,goal,right
dynamic_120ms,video,True,4.0,4,1.9,T,-0.12,0.6,DC_150,DC,miss,right
dynamic_120ms,video,True,15.0,15,1.3,T,-0.12,0.6,DC_151,DC,miss,left
dynamic_120ms,video,True,8.0,8,1.6,T,-0.12,0.6,DC_152,DC,goal,right
dynamic_120ms,video,True,11.0,11,1.5,T,-0.12,0.6,DC_153,DC,goal,left
dynamic_120ms,video,True,16.0,16,1.5,T,-0.12,0.6,DC_154,DC,miss,left
dynamic_120ms,video,True,9.0,9,1.7,T,-0.12,0.6,DC_155,DC,goal,left
dynamic_120ms,video,True,12.0,12,1.4,T,-0.12,0.6,DC_156,DC,goal,left
dynamic_120ms,video,True,7.0,7,1.5,T,-0.12,0.6,DC_157,DC,goal,right
dynamic_120ms,video,True,10.0,10,1.5,T,-0.12,0.6,DC_158,DC,goal,left
dynamic_120ms,video,True,5.0,5,1.8,T,-0.12,0.6,DC_159,DC,goal,right
dynamic_120ms,video,True,1.0,1,1.5,T,-0.12,0.6,DC_160,DC,miss,right
dynamic_120ms,video,True,3.0,3,1.5,T,-0.12,0.6,DC_161,DC,miss,right
dynamic_120ms,video,True,8.0,8,1.5,T,-0.12,0.6,DC_162,DC,goal,right
dynamic_120ms,video,True,10.0,10,1.6,T,-0.12,0.6,DC_163,DC,goal,left
dynamic_120ms,video,True,1.0,1,1.7,F,-0.12,0.6,DC_164,DC,miss,right
dynamic_120ms,video,True,9.0,9,1.5,T,-0.12,0.6,DC_165,DC,goal,left
dynamic_120ms,video,True,5.0,5,1.7,T,-0.12,0.6,DC_166,DC,goal,right
dynamic_120ms,video,True,12.0,14,1.4,F,-0.12,0.6,DC_167,DC,goal,left
dynamic_120ms,video,True,2.0,2,1.6,T,-0.12,0.6,DC_168,DC,miss,right
dynamic_120ms,video,True,12.0,12,1.4,T,-0.12,0.6,DC_169,DC,goal,left
dynamic_120ms,video,True,8.0,6,1.5,F,-0.12,0.6,DC_170,DC,goal,right
dynamic_120ms,video,True,3.0,3,2.3,T,-0.12,0.6,DC_171,DC,miss,right
dynamic_120ms,video,True,15.0,15,1.7,T,-0.12,0.6,DC_172,DC,miss,left
dynamic_120ms,video,True,4.0,4,1.7,T,-0.12,0.6,DC_173,DC,miss,right
dynamic_120ms,video,True,11.0,11,1.7,T,-0.12,0.6,DC_174,DC,goal,left
dynamic_120ms,video,True,15.0,13,1.6,F,-0.12,0.6,DC_175,DC,miss,left
dynamic_120ms,video,True,14.0,16,1.7,F,-0.12,0.6,DC_176,DC,miss,left
dynamic_120ms,video,True,7.0,7,1.7,T,-0.12,0.6,DC_177,DC,goal,right
dynamic_120ms,video,True,2.0,2,1.5,T,-0.12,0.6,DC_178,DC,miss,right
dynamic_120ms,video,True,3.0,3,0.3,T,-0.12,0.6,DC_179,DC,miss,right
dynamic_120ms,video,True,8.0,8,1.2,T,-0.12,0.6,DC_180,DC,goal,right
dynamic_120ms,video,True,5.0,5,1.6,T,-0.12,0.6,DC_181,DC,goal,right
dynamic_120ms,video,True,9.0,9,1.8,T,-0.12,0.6,DC_182,DC,goal,left
dynamic_120ms,video,True,16.0,16,1.5,T,-0.12,0.6,DC_183,DC,miss,left
dynamic_120ms,video,True,1.0,1,1.5,T,-0.12,0.6,DC_184,DC,miss,right
dynamic_120ms,video,True,11.0,11,1.3,T,-0.12,0.6,DC_185,DC,goal,left
dynamic_120ms,video,True,7.0,7,1.7,T,-0.12,0.6,DC_186,DC,goal,right
dynamic_120ms,video,True,10.0,10,1.6,T,-0.12,0.6,DC_187,DC,goal,left
dynamic_120ms,video,True,4.0,4,1.5,T,-0.12,0.6,DC_188,DC,miss,right
dynamic_120ms,video,True,13.0,13,1.7,T,-0.12,0.6,DC_189,DC,miss,left
dynamic_120ms,video,True,14.0,14,1.9,T,-0.12,0.6,DC_190,DC,miss,left
dynamic_120ms,video,True,15.0,15,1.6,T,-0.12,0.6,DC_191,DC,miss,left
dynamic_120ms,video,True,12.0,12,1.5,T,-0.12,0.6,DC_192,DC,goal,left
dynamic_120ms,video,True,6.0,6,1.6,T,-0.12,0.6,DC_193,DC,goal,right
dynamic_120ms,video,True,16.0,16,1.4,T,-0.12,0.6,DC_194,DC,miss,left
dynamic_120ms,video,True,2.0,2,1.6,T,-0.12,0.6,DC_195,DC,miss,right
dynamic_120ms,video,True,10.0,10,1.6,T,-0.12,0.6,DC_196,DC,goal,left
dynamic_120ms,video,True,12.0,12,1.6,T,-0.12,0.6,DC_197,DC,goal,left
dynamic_120ms,video,True,5.0,5,1.5,T,-0.12,0.6,DC_198,DC,goal,right
dynamic_120ms,video,True,1.0,1,1.7,T,-0.12,0.6,DC_199,DC,miss,right
dynamic_120ms,video,True,11.0,11,1.7,T,-0.12,0.6,DC_200,DC,goal,left
dynamic_120ms,video,True,8.0,8,1.8,T,-0.12,0.6,DC_201,DC,goal,right
dynamic_120ms,video,True,8.0,6,1.5,F,-0.12,0.6,DC_202,DC,goal,right
dynamic_120ms,video,True,7.0,7,1.3,T,-0.12,0.6,DC_203,DC,goal,right
dynamic_120ms,video,True,3.0,3,1.6,T,-0.12,0.6,DC_204,DC,miss,right
dynamic_120ms,video,True,16.0,15,1.5,F,-0.12,0.6,DC_205,DC,miss,left
dynamic_120ms,video,True,13.0,13,1.4,T,-0.12,0.6,DC_206,DC,miss,left
dynamic_120ms,video,True,4.0,4,1.3,T,-0.12,0.6,DC_207,DC,miss,right
dynamic_120ms,video,True,9.0,9,1.7,T,-0.12,0.6,DC_208,DC,goal,left
dynamic_120ms,video,True,14.0,14,1.5,T,-0.12,0.6,DC_209,DC,miss,left
dynamic_120ms,video,True,3.0,3,1.6,T,-0.12,0.6,DC_210,DC,miss,right
dynamic_120ms,video,True,7.0,7,1.6,T,-0.12,0.6,DC_211,DC,goal,right
dynamic_120ms,video,True,16.0,16,1.7,T,-0.12,0.6,DC_212,DC,miss,left
dynamic_120ms,video,True,5.0,5,1.6,T,-0.12,0.6,DC_213,DC,goal,right
dynamic_120ms,video,True,12.0,10,1.9,F,-0.12,0.6,DC_214,DC,goal,left
dynamic_120ms,video,True,2.0,2,1.6,T,-0.12,0.6,DC_215,DC,miss,right
dynamic_120ms,video,True,14.0,14,1.7,T,-0.12,0.6,DC_216,DC,miss,left
dynamic_120ms,video,True,13.0,13,1.8,T,-0.12,0.6,DC_217,DC,miss,left
dynamic_120ms,video,True,3.0,1,1.7,F,-0.12,0.6,DC_218,DC,miss,right
dynamic_120ms,video,True,4.0,4,1.5,T,-0.12,0.6,DC_219,DC,miss,right
dynamic_120ms,video,True,9.0,9,1.6,T,-0.12,0.6,DC_220,DC,goal,left
dynamic_120ms,video,True,13.0,15,1.7,F,-0.12,0.6,DC_221,DC,miss,left
dynamic_120ms,video,True,6.0,6,1.6,T,-0.12,0.6,DC_222,DC,goal,right
dynamic_120ms,video,True,11.0,11,1.0,T,-0.12,0.6,DC_223,DC,goal,left
dynamic_120ms,video,True,8.0,8,1.6,T,-0.12,0.6,DC_224,DC,goal,right
dynamic_120ms,video,True,10.0,12,1.6,F,-0.12,0.6,DC_225,DC,goal,left
dynamic_120ms,video,True,7.0,7,1.8,T,-0.12,0.6,DC_226,DC,goal,right
dynamic_120ms,video,True,13.0,15,1.5,F,-0.12,0.6,DC_227,DC,miss,left
dynamic_120ms,video,True,9.0,9,1.7,T,-0.12,0.6,DC_228,DC,goal,left
dynamic_120ms,video,True,6.0,6,1.7,T,-0.12,0.6,DC_229,DC,goal,right
dynamic_120ms,video,True,13.0,13,1.5,T,-0.12,0.6,DC_230,DC,miss,left
dynamic_120ms,video,True,4.0,4,1.6,T,-0.12,0.6,DC_231,DC,miss,right
dynamic_120ms,video,True,11.0,11,1.2,T,-0.12,0.6,DC_232,DC,goal,left
dynamic_120ms,video,True,14.0,16,1.5,F,-0.12,0.6,DC_233,DC,miss,left
dynamic_120ms,video,True,10.0,10,1.6,T,-0.12,0.6,DC_234,DC,goal,left
dynamic_120ms,video,True,12.0,12,1.3,T,-0.12,0.6,DC_235,DC,goal,left
dynamic_120ms,video,True,8.0,8,1.0,T,-0.12,0.6,DC_236,DC,goal,right
dynamic_120ms,video,True,14.0,14,1.5,T,-0.12,0.6,DC_237,DC,miss,left
dynamic_120ms,video,True,5.0,5,1.7,T,-0.12,0.6,DC_238,DC,goal,right
dynamic_120ms,video,True,3.0,1,1.6,F,-0.12,0.6,DC_239,DC,miss,right
dynamic_120ms,video,True,5.0,3,1.8,F,-0.12,0.6,DC_240,DC,goal,right
dynamic_120ms,video,True,2.0,2,1.7,T,-0.12,0.6,DC_241,DC,miss,right
dynamic_120ms,video,True,8.0,8,1.6,T,-0.12,0.6,DC_242,DC,goal,right
dynamic_120ms,video,True,15.0,15,1.9,T,-0.12,0.6,DC_243,DC,miss,left
dynamic_120ms,video,True,15.0,13,1.6,F,-0.12,0.6,DC_244,DC,miss,left
dynamic_120ms,video,True,2.0,1,0.8,F,-0.12,0.6,DC_245,DC,miss,right
dynamic_120ms,video,True,13.0,11,1.5,F,-0.12,0.6,DC_246,DC,miss,left
dynamic_120ms,video,True,16.0,16,1.6,T,-0.12,0.6,DC_247,DC,miss,left
dynamic_120ms,video,True,9.0,9,1.8,T,-0.12,0.6,DC_248,DC,goal,left
dynamic_120ms,video,True,4.0,4,1.4,T,-0.12,0.6,DC_249,DC,miss,right
dynamic_120ms,video,True,7.0,7,1.7,T,-0.12,0.6,DC_250,DC,goal,right
dynamic_120ms,video,True,6.0,6,1.0,T,-0.12,0.6,DC_251,DC,goal,right
dynamic_120ms,video,True,10.0,10,1.5,T,-0.12,0.6,DC_252,DC,goal,left
dynamic_120ms,video,True,12.0,12,1.6,T,-0.12,0.6,DC_253,DC,goal,left
dynamic_120ms,video,True,5.0,5,1.6,T,-0.12,0.6,DC_254,DC,goal,right
dynamic_120ms,video,True,2.0,2,1.7,T,-0.12,0.6,DC_255,DC,miss,right
dynamic_120ms,video,True,14.0,14,0.8,T,-0.12,0.6,DC_256,DC,miss,left
dynamic_120ms,video,True,3.0,3,1.6,T,-0.12,0.6,DC_257,DC,miss,right
dynamic_120ms,video,True,10.0,10,1.6,T,-0.12,0.6,DC_258,DC,goal,left
dynamic_120ms,video,True,15.0,13,1.2,F,-0.12,0.6,DC_259,DC,miss,left
dynamic_120ms,video,True,16.0,16,1.8,T,-0.12,0.6,DC_260,DC,miss,left
dynamic_120ms,video,True,7.0,7,1.3,T,-0.12,0.6,DC_261,DC,goal,right
dynamic_120ms,video,True,15.0,15,1.8,T,-0.12,0.6,DC_262,DC,miss,left
dynamic_120ms,video,True,11.0,11,1.0,T,-0.12,0.6,DC_263,DC,goal,left
dynamic_120ms,video,True,3.0,3,1.6,T,-0.12,0.6,DC_264,DC,miss,right
dynamic_120ms,video,True,14.0,14,1.6,T,-0.12,0.6,DC_265,DC,miss,left
dynamic_120ms,video,True,9.0,9,1.7,T,-0.12,0.6,DC_266,DC,goal,left
dynamic_120ms,video,True,1.0,1,1.3,T,-0.12,0.6,DC_267,DC,miss,right
dynamic_120ms,video,True,12.0,12,1.1,T,-0.12,0.6,DC_268,DC,goal,left
dynamic_120ms,video,True,6.0,6,1.6,T,-0.12,0.6,DC_269,DC,goal,right
dynamic_120ms,video,True,2.0,2,1.7,T,-0.12,0.6,DC_270,DC,miss,right
dynamic_120ms,video,True,4.0,4,0.9,T,-0.12,0.6,DC_271,DC,miss,right
dynamic_120ms,video,True,5.0,5,1.6,T,-0.12,0.6,DC_272,DC,goal,right
dynamic_120ms,video,True,8.0,8,1.3,T,-0.12,0.6,DC_273,DC,goal,right
dynamic_120ms,video,True,6.0,6,1.6,T,-0.12,0.6,DC_274,DC,goal,right
dynamic_120ms,video,True,15.0,15,1.5,T,-0.12,0.6,DC_275,DC,miss,left
dynamic_120ms,video,True,5.0,5,0.8,T,-0.12,0.6,DC_276,DC,goal,right
dynamic_120ms,video,True,13.0,13,1.4,T,-0.12,0.6,DC_277,DC,miss,left
dynamic_120ms,video,True,8.0,8,0.9,T,-0.12,0.6,DC_278,DC,goal,right
dynamic_120ms,video,True,2.0,2,1.5,T,-0.12,0.6,DC_279,DC,miss,right
dynamic_120ms,video,True,11.0,11,1.5,T,-0.12,0.6,DC_280,DC,goal,left
dynamic_120ms,video,True,1.0,1,1.4,T,-0.12,0.6,DC_281,DC,miss,right
dynamic_120ms,video,True,9.0,9,0.8,T,-0.12,0.6,DC_282,DC,goal,left
dynamic_120ms,video,True,12.0,12,1.4,T,-0.12,0.6,DC_283,DC,goal,left
dynamic_120ms,video,True,7.0,7,1.0,T,-0.12,0.6,DC_284,DC,goal,right
dynamic_120ms,video,True,4.0,4,1.5,T,-0.12,0.6,DC_285,DC,miss,right
dynamic_120ms,video,True,14.0,14,0.8,T,-0.12,0.6,DC_286,DC,miss,left
dynamic_120ms,video,True,16.0,16,1.1,T,-0.12,0.6,DC_287,DC,miss,left
dynamic_120ms,video,True,12.0,10,1.7,F,-0.12,0.6,DC_288,DC,goal,left
dynamic_120ms,video,True,4.0,3,1.6,F,-0.12,0.6,DC_289,DC,miss,right
dynamic_120ms,video,True,11.0,11,1.6,T,-0.12,0.6,DC_290,DC,goal,left
dynamic_120ms,video,True,12.0,12,1.3,T,-0.12,0.6,DC_291,DC,goal,left
dynamic_120ms,video,True,5.0,5,1.6,T,-0.12,0.6,DC_292,DC,goal,right
dynamic_120ms,video,True,6.0,6,1.3,T,-0.12,0.6,DC_293,DC,goal,right
dynamic_120ms,video,True,16.0,16,1.5,T,-0.12,0.6,DC_294,DC,miss,left
dynamic_120ms,video,True,2.0,1,1.5,F,-0.12,0.6,DC_295,DC,miss,right
dynamic_120ms,video,True,8.0,8,1.7,T,-0.12,0.6,DC_296,DC,goal,right
dynamic_120ms,video,True,4.0,4,1.6,T,-0.12,0.6,DC_297,DC,miss,right
dynamic_120ms,video,True,13.0,9,0.9,F,-0.12,0.6,DC_298,DC,miss,left
dynamic_120ms,video,True,14.0,13,1.5,F,-0.12,0.6,DC_299,DC,miss,left
dynamic_120ms,video,True,13.0,15,1.1,F,-0.12,0.6,DC_300,DC,miss,left
dynamic_120ms,video,True,3.0,3,1.1,T,-0.12,0.6,DC_301,DC,miss,right
dynamic_120ms,video,True,10.0,10,0.8,T,-0.12,0.6,DC_302,DC,goal,left
dynamic_120ms,video,True,14.0,14,1.3,T,-0.12,0.6,DC_303,DC,miss,left
dynamic_120ms,video,True,7.0,7,1.0,T,-0.12,0.6,DC_304,DC,goal,right
dynamic_120ms,video,True,2.0,2,1.4,T,-0.12,0.6,DC_305,DC,miss,right
dynamic_120ms,video,True,2.0,2,1.5,T,-0.12,0.6,DC_306,DC,miss,right
dynamic_120ms,video,True,13.0,15,1.6,F,-0.12,0.6,DC_307,DC,miss,left
dynamic_120ms,video,True,13.0,13,0.9,F,-0.12,0.6,DC_308,DC,miss,left
dynamic_120ms,video,True,5.0,6,0.8,F,-0.12,0.6,DC_309,DC,goal,right
dynamic_120ms,video,True,1.0,1,1.6,T,-0.12,0.6,DC_310,DC,miss,right
dynamic_120ms,video,True,4.0,4,1.5,T,-0.12,0.6,DC_311,DC,miss,right
dynamic_120ms,video,True,14.0,14,1.5,T,-0.12,0.6,DC_312,DC,miss,left
dynamic_120ms,video,True,8.0,8,1.5,T,-0.12,0.6,DC_313,DC,goal,right
dynamic_120ms,video,True,10.0,10,1.5,T,-0.12,0.6,DC_314,DC,goal,left
dynamic_120ms,video,True,3.0,3,1.6,T,-0.12,0.6,DC_315,DC,miss,right
dynamic_120ms,video,True,12.0,12,1.5,T,-0.12,0.6,DC_316,DC,goal,left
dynamic_120ms,video,True,9.0,9,1.2,T,-0.12,0.6,DC_317,DC,goal,left
dynamic_120ms,video,True,7.0,7,1.8,T,-0.12,0.6,DC_318,DC,goal,right
dynamic_120ms,video,True,11.0,11,1.6,T,-0.12,0.6,DC_319,DC,goal,left
dynamic_120ms,video,True,16.0,16,1.4,T,-0.12,0.6,DC_320,DC,miss,left
dynamic_120ms,video,True,5.0,5,0.9,T,-0.12,0.6,DC_321,DC,goal,right
dynamic_120ms,video,True,10.0,10,1.4,T,-0.12,0.6,DC_322,DC,goal,left
dynamic_120ms,video,True,11.0,13,1.5,F,-0.12,0.6,DC_323,DC,goal,left
dynamic_120ms,video,True,12.0,12,1.6,T,-0.12,0.6,DC_324,DC,goal,left
dynamic_120ms,video,True,7.0,7,1.6,T,-0.12,0.6,DC_325,DC,goal,right
dynamic_120ms,video,True,14.0,14,1.5,T,-0.12,0.6,DC_326,DC,miss,left
dynamic_120ms,video,True,2.0,2,1.6,T,-0.12,0.6,DC_327,DC,miss,right
dynamic_120ms,video,True,5.0,5,1.8,T,-0.12,0.6,DC_328,DC,goal,right
dynamic_120ms,video,True,2.0,1,1.9,F,-0.12,0.6,DC_329,DC,miss,right
dynamic_120ms,video,True,11.0,11,1.6,T,-0.12,0.6,DC_330,DC,goal,left
dynamic_120ms,video,True,11.0,9,1.1,F,-0.12,0.6,DC_331,DC,goal,left
dynamic_120ms,video,True,3.0,3,1.2,T,-0.12,0.6,DC_332,DC,miss,right
dynamic_120ms,video,True,14.0,15,1.7,F,-0.12,0.6,DC_333,DC,miss,left
dynamic_120ms,video,True,14.0,16,1.7,F,-0.12,0.6,DC_334,DC,miss,left
dynamic_120ms,video,True,6.0,6,1.1,T,-0.12,0.6,DC_335,DC,goal,right
dynamic_120ms,video,True,4.0,4,1.5,T,-0.12,0.6,DC_336,DC,miss,right
dynamic_120ms,video,True,8.0,8,1.6,T,-0.12,0.6,DC_337,DC,goal,right
dynamic_120ms,video,True,6.0,6,1.2,T,-0.12,0.6,DC_338,DC,goal,right
dynamic_120ms,video,True,2.0,2,1.8,T,-0.12,0.6,DC_339,DC,miss,right
dynamic_120ms,video,True,14.0,14,1.3,T,-0.12,0.6,DC_340,DC,miss,left
dynamic_120ms,video,True,7.0,7,0.8,T,-0.12,0.6,DC_341,DC,goal,right
dynamic_120ms,video,True,10.0,10,1.3,T,-0.12,0.6,DC_342,DC,goal,left
dynamic_120ms,video,True,3.0,3,1.0,T,-0.12,0.6,DC_343,DC,miss,right
dynamic_120ms,video,True,11.0,11,0.9,T,-0.12,0.6,DC_344,DC,goal,left
dynamic_120ms,video,True,8.0,8,1.7,T,-0.12,0.6,DC_345,DC,goal,right
dynamic_120ms,video,True,5.0,5,1.4,T,-0.12,0.6,DC_346,DC,goal,right
dynamic_120ms,video,True,12.0,12,1.7,T,-0.12,0.6,DC_347,DC,goal,left
dynamic_120ms,video,True,16.0,15,1.6,F,-0.12,0.6,DC_348,DC,miss,left
dynamic_120ms,video,True,1.0,1,1.5,T,-0.12,0.6,DC_349,DC,miss,right
dynamic_120ms,video,True,4.0,4,1.6,T,-0.12,0.6,DC_350,DC,miss,right
dynamic_120ms,video,True,9.0,9,1.5,T,-0.12,0.6,DC_351,DC,goal,left
dynamic_120ms,video,True,15.0,13,1.5,F,-0.12,0.6,DC_352,DC,miss,left
dynamic_120ms,video,True,2.0,1,1.4,F,-0.12,0.6,FI_1,FI,miss,right
dynamic_120ms,video,True,2.0,2,1.6,T,-0.12,0.6,FI_2,FI,miss,right
dynamic_120ms,video,True,6.0,6,1.8,T,-0.12,0.6,FI_3,FI,goal,right
dynamic_120ms,video,True,15.0,15,1.7,T,-0.12,0.6,FI_4,FI,miss,left
dynamic_120ms,video,True,14.0,14,1.6,T,-0.12,0.6,FI_5,FI,miss,left
dynamic_120ms,video,True,10.0,12,1.3,F,-0.12,0.6,FI_6,FI,goal,left
dynamic_120ms,video,True,9.0,9,1.7,T,-0.12,0.6,FI_7,FI,goal,left
dynamic_120ms,video,True,10.0,10,1.8,T,-0.12,0.6,FI_8,FI,goal,left
dynamic_120ms,video,True,4.0,3,1.9,F,-0.12,0.6,FI_9,FI,miss,right
dynamic_120ms,video,True,16.0,16,1.5,T,-0.12,0.6,FI_10,FI,miss,left
dynamic_120ms,video,True,5.0,5,1.5,T,-0.12,0.6,FI_11,FI,goal,right
dynamic_120ms,video,True,8.0,8,1.7,T,-0.12,0.6,FI_12,FI,goal,right
dynamic_120ms,video,True,9.0,11,1.2,F,-0.12,0.6,FI_13,FI,goal,left
dynamic_120ms,video,True,12.0,13,1.5,F,-0.12,0.6,FI_14,FI,goal,left
dynamic_120ms,video,True,4.0,4,1.2,T,-0.12,0.6,FI_15,FI,miss,right
dynamic_120ms,video,True,7.0,7,1.7,T,-0.12,0.6,FI_16,FI,goal,right
dynamic_120ms,video,True,7.0,7,1.6,T,-0.12,0.6,FI_17,FI,goal,right
dynamic_120ms,video,True,1.0,3,1.3,F,-0.12,0.6,FI_18,FI,miss,right
dynamic_120ms,video,True,9.0,9,1.2,T,-0.12,0.6,FI_19,FI,goal,left
dynamic_120ms,video,True,14.0,14,1.6,T,-0.12,0.6,FI_20,FI,miss,left
dynamic_120ms,video,True,10.0,10,1.6,T,-0.12,0.6,FI_21,FI,goal,left
dynamic_120ms,video,True,13.0,13,1.5,T,-0.12,0.6,FI_22,FI,miss,left
dynamic_120ms,video,True,11.0,11,1.8,T,-0.12,0.6,FI_23,FI,goal,left
dynamic_120ms,video,True,2.0,4,1.8,F,-0.12,0.6,FI_24,FI,miss,right
dynamic_120ms,video,True,1.0,1,1.7,T,-0.12,0.6,FI_25,FI,miss,right
dynamic_120ms,video,True,1.0,1,1.4,?,-0.12,0.6,FI_26,FI,miss,right
dynamic_120ms,video,True,16.0,16,1.4,T,-0.12,0.6,FI_27,FI,miss,left
dynamic_120ms,video,True,15.0,15,1.6,T,-0.12,0.6,FI_28,FI,miss,left
dynamic_120ms,video,True,6.0,6,1.8,T,-0.12,0.6,FI_29,FI,goal,right
dynamic_120ms,video,True,12.0,12,1.6,T,-0.12,0.6,FI_30,FI,goal,left
dynamic_120ms,video,True,8.0,8,1.4,T,-0.12,0.6,FI_31,FI,goal,right
dynamic_120ms,video,True,2.0,2,1.6,T,-0.12,0.6,FI_32,FI,miss,right
dynamic_120ms,video,True,5.0,5,2.0,T,-0.12,0.6,FI_33,FI,goal,right
dynamic_120ms,video,True,2.0,2,1.7,T,-0.12,0.6,FI_34,FI,miss,right
dynamic_120ms,video,True,14.0,14,1.5,T,-0.12,0.6,FI_35,FI,miss,left
dynamic_120ms,video,True,9.0,9,1.6,T,-0.12,0.6,FI_36,FI,goal,left
dynamic_120ms,video,True,6.0,6,1.6,T,-0.12,0.6,FI_37,FI,goal,right
dynamic_120ms,video,True,5.0,5,1.8,T,-0.12,0.6,FI_38,FI,goal,right
dynamic_120ms,video,True,15.0,15,1.9,T,-0.12,0.6,FI_39,FI,miss,left
dynamic_120ms,video,True,1.0,1,2.0,T,-0.12,0.6,FI_40,FI,miss,right
dynamic_120ms,video,True,8.0,8,2.0,T,-0.12,0.6,FI_41,FI,goal,right
dynamic_120ms,video,True,4.0,4,1.7,T,-0.12,0.6,FI_42,FI,miss,right
dynamic_120ms,video,True,7.0,7,1.7,T,-0.12,0.6,FI_43,FI,goal,right
dynamic_120ms,video,True,3.0,3,1.9,T,-0.12,0.6,FI_44,FI,miss,right
dynamic_120ms,video,True,13.0,13,2.0,T,-0.12,0.6,FI_45,FI,miss,left
dynamic_120ms,video,True,12.0,12,1.5,T,-0.12,0.6,FI_46,FI,goal,left
dynamic_120ms,video,True,10.0,10,1.8,T,-0.12,0.6,FI_47,FI,goal,left
dynamic_120ms,video,True,16.0,16,1.5,T,-0.12,0.6,FI_48,FI,miss,left
dynamic_120ms,video,True,11.0,11,1.9,T,-0.12,0.6,FI_49,FI,goal,left
dynamic_120ms,video,True,1.0,1,1.4,T,-0.12,0.6,FI_50,FI,miss,right
dynamic_120ms,video,True,6.0,6,1.6,T,-0.12,0.6,FI_51,FI,goal,right
dynamic_120ms,video,True,3.0,3,1.6,T,-0.12,0.6,FI_52,FI,miss,right
dynamic_120ms,video,True,15.0,15,1.7,T,-0.12,0.6,FI_53,FI,miss,left
dynamic_120ms,video,True,13.0,13,2.0,T,-0.12,0.6,FI_54,FI,miss,left
dynamic_120ms,video,True,8.0,8,1.7,T,-0.12,0.6,FI_55,FI,goal,right
dynamic_120ms,video,True,5.0,5,1.7,T,-0.12,0.6,FI_56,FI,goal,right
dynamic_120ms,video,True,11.0,11,1.7,T,-0.12,0.6,FI_57,FI,goal,left
dynamic_120ms,video,True,12.0,12,1.9,T,-0.12,0.6,FI_58,FI,goal,left
dynamic_120ms,video,True,12.0,12,1.9,?,-0.12,0.6,FI_59,FI,goal,left
dynamic_120ms,video,True,10.0,10,2.1,T,-0.12,0.6,FI_60,FI,goal,left
dynamic_120ms,video,True,14.0,14,1.5,T,-0.12,0.6,FI_61,FI,miss,left
dynamic_120ms,video,True,16.0,16,1.7,T,-0.12,0.6,FI_62,FI,miss,left
dynamic_120ms,video,True,4.0,4,1.8,T,-0.12,0.6,FI_63,FI,miss,right
dynamic_120ms,video,True,2.0,2,1.8,T,-0.12,0.6,FI_64,FI,miss,right
dynamic_120ms,video,True,7.0,7,1.9,T,-0.12,0.6,FI_65,FI,goal,right
dynamic_120ms,video,True,9.0,9,1.6,T,-0.12,0.6,FI_66,FI,goal,left
dynamic_120ms,video,True,15.0,15,1.7,T,-0.12,0.6,FI_67,FI,miss,left
dynamic_120ms,video,True,11.0,11,1.6,T,-0.12,0.6,FI_68,FI,goal,left
dynamic_120ms,video,True,5.0,5,1.7,T,-0.12,0.6,FI_69,FI,goal,right
dynamic_120ms,video,True,16.0,16,1.5,T,-0.12,0.6,FI_70,FI,miss,left
dynamic_120ms,video,True,6.0,6,1.6,T,-0.12,0.6,FI_71,FI,goal,right
dynamic_120ms,video,True,11.0,9,1.8,F,-0.12,0.6,FI_72,FI,goal,left
dynamic_120ms,video,True,10.0,10,1.9,T,-0.12,0.6,FI_73,FI,goal,left
dynamic_120ms,video,True,14.0,14,1.5,T,-0.12,0.6,FI_74,FI,miss,left
dynamic_120ms,video,True,2.0,2,2.0,T,-0.12,0.6,FI_75,FI,miss,right
dynamic_120ms,video,True,4.0,4,2.0,T,-0.12,0.6,FI_76,FI,miss,right
dynamic_120ms,video,True,1.0,1,1.5,T,-0.12,0.6,FI_77,FI,miss,right
dynamic_120ms,video,True,3.0,3,1.9,T,-0.12,0.6,FI_78,FI,miss,right
dynamic_120ms,video,True,8.0,8,1.7,T,-0.12,0.6,FI_79,FI,goal,right
dynamic_120ms,video,True,11.0,13,1.8,F,-0.12,0.6,FI_80,FI,goal,left
dynamic_120ms,video,True,12.0,12,2.1,T,-0.12,0.6,FI_81,FI,goal,left
dynamic_120ms,video,True,7.0,7,1.7,T,-0.12,0.6,FI_82,FI,goal,right
dynamic_120ms,video,True,7.0,7,1.7,?,-0.12,0.6,FI_83,FI,goal,right
dynamic_120ms,video,True,3.0,3,1.6,T,-0.12,0.6,FI_84,FI,miss,right
dynamic_120ms,video,True,9.0,9,1.5,T,-0.12,0.6,FI_85,FI,goal,left
dynamic_120ms,video,True,5.0,5,2.0,T,-0.12,0.6,FI_86,FI,goal,right
dynamic_120ms,video,True,14.0,13,2.5,F,-0.12,0.6,FI_87,FI,miss,left
dynamic_120ms,video,True,1.0,1,1.8,T,-0.12,0.6,FI_88,FI,miss,right
dynamic_120ms,video,True,11.0,11,1.7,T,-0.12,0.6,FI_89,FI,goal,left
dynamic_120ms,video,True,7.0,7,1.8,T,-0.12,0.6,FI_90,FI,goal,right
dynamic_120ms,video,True,6.0,6,1.7,T,-0.12,0.6,FI_91,FI,goal,right
dynamic_120ms,video,True,8.0,8,1.5,T,-0.12,0.6,FI_92,FI,goal,right
dynamic_120ms,video,True,4.0,4,1.8,T,-0.12,0.6,FI_93,FI,miss,right
dynamic_120ms,video,True,4.0,4,1.6,?,-0.12,0.6,FI_94,FI,miss,right
dynamic_120ms,video,True,14.0,14,1.4,T,-0.12,0.6,FI_95,FI,miss,left
dynamic_120ms,video,True,16.0,16,1.4,T,-0.12,0.6,FI_96,FI,miss,left
dynamic_120ms,video,True,10.0,12,1.5,F,-0.12,0.6,FI_97,FI,goal,left
dynamic_120ms,video,True,10.0,10,1.9,T,-0.12,0.6,FI_98,FI,goal,left
dynamic_120ms,video,True,2.0,2,1.8,T,-0.12,0.6,FI_99,FI,miss,right
dynamic_120ms,video,True,13.0,15,1.9,F,-0.12,0.6,FI_100,FI,miss,left
dynamic_120ms,video,True,15.0,15,1.7,T,-0.12,0.6,FI_101,FI,miss,left
dynamic_120ms,video,True,14.0,14,1.7,T,-0.12,0.6,FI_102,FI,miss,left
dynamic_120ms,video,True,3.0,3,1.8,T,-0.12,0.6,FI_103,FI,miss,right
dynamic_120ms,video,True,4.0,4,2.0,T,-0.12,0.6,FI_104,FI,miss,right
dynamic_120ms,video,True,6.0,6,2.0,T,-0.12,0.6,FI_105,FI,goal,right
dynamic_120ms,video,True,16.0,16,1.9,T,-0.12,0.6,FI_106,FI,miss,left
dynamic_120ms,video,True,7.0,7,1.9,T,-0.12,0.6,FI_107,FI,goal,right
dynamic_120ms,video,True,12.0,12,1.7,T,-0.12,0.6,FI_108,FI,goal,left
dynamic_120ms,video,True,1.0,1,2.1,T,-0.12,0.6,FI_109,FI,miss,right
dynamic_120ms,video,True,11.0,11,1.9,T,-0.12,0.6,FI_110,FI,goal,left
dynamic_120ms,video,True,9.0,9,1.4,T,-0.12,0.6,FI_111,FI,goal,left
dynamic_120ms,video,True,10.0,10,1.7,T,-0.12,0.6,FI_112,FI,goal,left
dynamic_120ms,video,True,8.0,8,2.0,T,-0.12,0.6,FI_113,FI,goal,right
dynamic_120ms,video,True,5.0,5,1.6,T,-0.12,0.6,FI_114,FI,goal,right
dynamic_120ms,video,True,2.0,2,1.3,T,-0.12,0.6,FI_115,FI,miss,right
dynamic_120ms,video,True,13.0,13,1.5,T,-0.12,0.6,FI_116,FI,miss,left
dynamic_120ms,video,True,10.0,12,1.3,F,-0.12,0.6,FI_117,FI,goal,left
dynamic_120ms,video,True,10.0,10,1.5,T,-0.12,0.6,FI_118,FI,goal,left
dynamic_120ms,video,True,14.0,14,1.9,T,-0.12,0.6,FI_119,FI,miss,left
dynamic_120ms,video,True,6.0,6,1.8,T,-0.12,0.6,FI_120,FI,goal,right
dynamic_120ms,video,True,9.0,9,1.8,T,-0.12,0.6,FI_121,FI,goal,left
dynamic_120ms,video,True,4.0,4,1.9,T,-0.12,0.6,FI_122,FI,miss,right
dynamic_120ms,video,True,11.0,11,1.7,T,-0.12,0.6,FI_123,FI,goal,left
dynamic_120ms,video,True,2.0,2,1.5,T,-0.12,0.6,FI_124,FI,miss,right
dynamic_120ms,video,True,7.0,7,1.6,T,-0.12,0.6,FI_125,FI,goal,right
dynamic_120ms,video,True,7.0,7,1.5,?,-0.12,0.6,FI_126,FI,goal,right
dynamic_120ms,video,True,5.0,5,1.5,T,-0.12,0.6,FI_127,FI,goal,right
dynamic_120ms,video,True,5.0,5,1.9,?,-0.12,0.6,FI_128,FI,goal,right
dynamic_120ms,video,True,15.0,15,2.2,T,-0.12,0.6,FI_129,FI,miss,left
dynamic_120ms,video,True,13.0,13,1.6,T,-0.12,0.6,FI_130,FI,miss,left
dynamic_120ms,video,True,12.0,16,1.7,F,-0.12,0.6,FI_131,FI,goal,left
dynamic_120ms,video,True,8.0,8,1.6,T,-0.12,0.6,FI_132,FI,goal,right
dynamic_120ms,video,True,8.0,8,1.8,?,-0.12,0.6,FI_133,FI,goal,right
dynamic_120ms,video,True,1.0,1,0.6,T,-0.12,0.6,FI_134,FI,miss,right
dynamic_120ms,video,True,3.0,3,1.6,T,-0.12,0.6,FI_135,FI,miss,right
dynamic_120ms,video,True,4.0,4,1.7,T,-0.12,0.6,FI_136,FI,miss,right
dynamic_120ms,video,True,2.0,2,1.7,T,-0.12,0.6,FI_137,FI,miss,right
dynamic_120ms,video,True,12.0,12,1.7,T,-0.12,0.6,FI_138,FI,goal,left
dynamic_120ms,video,True,9.0,9,1.6,T,-0.12,0.6,FI_139,FI,goal,left
dynamic_120ms,video,True,12.0,14,1.0,F,-0.12,0.6,FI_140,FI,goal,left
dynamic_120ms,video,True,1.0,1,1.1,T,-0.12,0.6,FI_141,FI,miss,right
dynamic_120ms,video,True,10.0,10,2.0,T,-0.12,0.6,FI_142,FI,goal,left
dynamic_120ms,video,True,11.0,11,1.1,T,-0.12,0.6,FI_143,FI,goal,left
dynamic_120ms,video,True,6.0,6,1.5,T,-0.12,0.6,FI_144,FI,goal,right
dynamic_120ms,video,True,13.0,13,1.5,T,-0.12,0.6,FI_145,FI,miss,left
dynamic_120ms,video,True,3.0,3,1.0,T,-0.12,0.6,FI_146,FI,miss,right
dynamic_120ms,video,True,5.0,5,1.3,T,-0.12,0.6,FI_147,FI,goal,right
dynamic_120ms,video,True,8.0,8,1.2,T,-0.12,0.6,FI_148,FI,goal,right
dynamic_120ms,video,True,16.0,15,1.6,F,-0.12,0.6,FI_149,FI,miss,left
dynamic_120ms,video,True,7.0,7,1.8,T,-0.12,0.6,FI_150,FI,goal,right
dynamic_120ms,video,True,16.0,16,1.3,T,-0.12,0.6,FI_151,FI,miss,left
dynamic_120ms,video,True,14.0,13,1.6,F,-0.12,0.6,FI_152,FI,miss,left
dynamic_120ms,video,True,14.0,14,1.6,T,-0.12,0.6,FI_153,FI,miss,left
dynamic_120ms,video,True,2.0,2,1.3,T,-0.12,0.6,FI_154,FI,miss,right
dynamic_120ms,video,True,6.0,6,1.2,T,-0.12,0.6,FI_155,FI,goal,right
dynamic_120ms,video,True,4.0,4,1.6,T,-0.12,0.6,FI_156,FI,miss,right
dynamic_120ms,video,True,15.0,15,1.4,T,-0.12,0.6,FI_157,FI,miss,left
dynamic_120ms,video,True,8.0,8,1.5,T,-0.12,0.6,FI_158,FI,goal,right
dynamic_120ms,video,True,11.0,11,1.6,T,-0.12,0.6,FI_159,FI,goal,left
dynamic_120ms,video,True,16.0,16,1.4,T,-0.12,0.6,FI_160,FI,miss,left
dynamic_120ms,video,True,9.0,9,1.7,T,-0.12,0.6,FI_161,FI,goal,left
dynamic_120ms,video,True,10.0,12,1.5,F,-0.12,0.6,FI_162,FI,goal,left
dynamic_120ms,video,True,11.0,7,1.6,F,-0.12,0.6,FI_163,FI,goal,left
dynamic_120ms,video,True,10.0,10,1.8,T,-0.12,0.6,FI_164,FI,goal,left
dynamic_120ms,video,True,5.0,5,1.8,T,-0.12,0.6,FI_165,FI,goal,right
dynamic_120ms,video,True,1.0,1,1.7,T,-0.12,0.6,FI_166,FI,miss,right
dynamic_120ms,video,True,3.0,3,1.7,T,-0.12,0.6,FI_167,FI,miss,right
dynamic_120ms,video,True,8.0,8,1.8,T,-0.12,0.6,FI_168,FI,goal,right
dynamic_120ms,video,True,10.0,10,1.7,T,-0.12,0.6,FI_169,FI,goal,left
dynamic_120ms,video,True,1.0,1,1.6,T,-0.12,0.6,FI_170,FI,miss,right
dynamic_120ms,video,True,1.0,1,1.8,?,-0.12,0.6,FI_171,FI,miss,right
dynamic_120ms,video,True,9.0,9,1.8,T,-0.12,0.6,FI_172,FI,goal,left
dynamic_120ms,video,True,5.0,5,1.9,T,-0.12,0.6,FI_173,FI,goal,right
dynamic_120ms,video,True,14.0,14,1.4,T,-0.12,0.6,FI_174,FI,miss,left
dynamic_120ms,video,True,2.0,2,1.8,T,-0.12,0.6,FI_175,FI,miss,right
dynamic_120ms,video,True,12.0,12,1.5,T,-0.12,0.6,FI_176,FI,goal,left
dynamic_120ms,video,True,8.0,6,1.5,F,-0.12,0.6,FI_177,FI,goal,right
dynamic_120ms,video,True,3.0,3,1.1,T,-0.12,0.6,FI_178,FI,miss,right
dynamic_120ms,video,True,4.0,4,1.4,T,-0.12,0.6,FI_179,FI,miss,right
dynamic_120ms,video,True,11.0,11,1.2,T,-0.12,0.6,FI_180,FI,goal,left
dynamic_120ms,video,True,13.0,13,1.5,T,-0.12,0.6,FI_181,FI,miss,left
dynamic_120ms,video,True,16.0,16,1.7,T,-0.12,0.6,FI_182,FI,miss,left
dynamic_120ms,video,True,7.0,7,1.4,T,-0.12,0.6,FI_183,FI,goal,right
dynamic_120ms,video,True,2.0,2,1.9,T,-0.12,0.6,FI_184,FI,miss,right
dynamic_120ms,video,True,2.0,3,1.6,F,-0.12,0.6,FI_185,FI,miss,right
dynamic_120ms,video,True,8.0,8,1.4,T,-0.12,0.6,FI_186,FI,goal,right
dynamic_120ms,video,True,5.0,5,1.4,T,-0.12,0.6,FI_187,FI,goal,right
dynamic_120ms,video,True,9.0,9,1.4,T,-0.12,0.6,FI_188,FI,goal,left
dynamic_120ms,video,True,16.0,16,1.3,T,-0.12,0.6,FI_189,FI,miss,left
dynamic_120ms,video,True,1.0,1,1.7,T,-0.12,0.6,FI_190,FI,miss,right
dynamic_120ms,video,True,11.0,11,0.5,T,-0.12,0.6,FI_191,FI,goal,left
dynamic_120ms,video,True,7.0,7,1.7,T,-0.12,0.6,FI_192,FI,goal,right
dynamic_120ms,video,True,10.0,10,1.6,T,-0.12,0.6,FI_193,FI,goal,left
dynamic_120ms,video,True,4.0,4,1.3,T,-0.12,0.6,FI_194,FI,miss,right
dynamic_120ms,video,True,12.0,13,0.8,F,-0.12,0.6,FI_195,FI,goal,left
dynamic_120ms,video,True,14.0,14,1.1,T,-0.12,0.6,FI_196,FI,miss,left
dynamic_120ms,video,True,15.0,15,1.5,T,-0.12,0.6,FI_197,FI,miss,left
dynamic_120ms,video,True,12.0,12,1.3,T,-0.12,0.6,FI_198,FI,goal,left
dynamic_120ms,video,True,12.0,12,1.0,?,-0.12,0.6,FI_199,FI,goal,left
dynamic_120ms,video,True,6.0,6,1.0,T,-0.12,0.6,FI_200,FI,goal,right
dynamic_120ms,video,True,16.0,16,1.4,T,-0.12,0.6,FI_201,FI,miss,left
dynamic_120ms,video,True,2.0,2,1.5,T,-0.12,0.6,FI_202,FI,miss,right
dynamic_120ms,video,True,10.0,10,1.5,T,-0.12,0.6,FI_203,FI,goal,left
dynamic_120ms,video,True,11.0,12,1.3,F,-0.12,0.6,FI_204,FI,goal,left
dynamic_120ms,video,True,5.0,5,1.2,T,-0.12,0.6,FI_205,FI,goal,right
dynamic_120ms,video,True,1.0,1,1.4,T,-0.12,0.6,FI_206,FI,miss,right
dynamic_120ms,video,True,13.0,11,1.5,F,-0.12,0.6,FI_207,FI,miss,left
dynamic_120ms,video,True,8.0,8,1.5,T,-0.12,0.6,FI_208,FI,goal,right
dynamic_120ms,video,True,6.0,6,1.3,T,-0.12,0.6,FI_209,FI,goal,right
dynamic_120ms,video,True,7.0,7,1.0,T,-0.12,0.6,FI_210,FI,goal,right
dynamic_120ms,video,True,3.0,3,0.8,T,-0.12,0.6,FI_211,FI,miss,right
dynamic_120ms,video,True,15.0,15,1.7,T,-0.12,0.6,FI_212,FI,miss,left
dynamic_120ms,video,True,13.0,13,1.3,T,-0.12,0.6,FI_213,FI,miss,left
dynamic_120ms,video,True,4.0,4,1.5,T,-0.12,0.6,FI_214,FI,miss,right
dynamic_120ms,video,True,9.0,9,1.4,T,-0.12,0.6,FI_215,FI,goal,left
dynamic_120ms,video,True,14.0,14,1.6,T,-0.12,0.6,FI_216,FI,miss,left
dynamic_120ms,video,True,3.0,3,0.8,T,-0.12,0.6,FI_217,FI,miss,right
dynamic_120ms,video,True,7.0,7,1.1,T,-0.12,0.6,FI_218,FI,goal,right
dynamic_120ms,video,True,14.0,16,1.3,F,-0.12,0.6,FI_219,FI,miss,left
dynamic_120ms,video,True,5.0,5,2.1,T,-0.12,0.6,FI_220,FI,goal,right
dynamic_120ms,video,True,10.0,10,1.6,T,-0.12,0.6,FI_221,FI,goal,left
dynamic_120ms,video,True,2.0,2,1.4,T,-0.12,0.6,FI_222,FI,miss,right
dynamic_120ms,video,True,14.0,14,1.4,T,-0.12,0.6,FI_223,FI,miss,left
dynamic_120ms,video,True,13.0,13,1.4,T,-0.12,0.6,FI_224,FI,miss,left
dynamic_120ms,video,True,1.0,1,1.5,T,-0.12,0.6,FI_225,FI,miss,right
dynamic_120ms,video,True,4.0,4,1.6,T,-0.12,0.6,FI_226,FI,miss,right
dynamic_120ms,video,True,9.0,9,0.7,T,-0.12,0.6,FI_227,FI,goal,left
dynamic_120ms,video,True,16.0,15,1.5,F,-0.12,0.6,FI_228,FI,miss,left
dynamic_120ms,video,True,6.0,6,0.7,T,-0.12,0.6,FI_229,FI,goal,right
dynamic_120ms,video,True,11.0,11,0.6,T,-0.12,0.6,FI_230,FI,goal,left
dynamic_120ms,video,True,8.0,8,1.4,T,-0.12,0.6,FI_231,FI,goal,right
dynamic_120ms,video,True,12.0,12,1.3,T,-0.12,0.6,FI_232,FI,goal,left
dynamic_120ms,video,True,7.0,7,1.4,T,-0.12,0.6,FI_233,FI,goal,right
dynamic_120ms,video,True,15.0,15,1.2,T,-0.12,0.6,FI_234,FI,miss,left
dynamic_120ms,video,True,9.0,9,1.9,T,-0.12,0.6,FI_235,FI,goal,left
dynamic_120ms,video,True,6.0,6,1.2,T,-0.12,0.6,FI_236,FI,goal,right
dynamic_120ms,video,True,15.0,13,2.0,F,-0.12,0.6,FI_237,FI,miss,left
dynamic_120ms,video,True,10.0,11,1.2,F,-0.12,0.6,FI_238,FI,goal,left
dynamic_120ms,video,True,16.0,16,1.7,T,-0.12,0.6,FI_239,FI,miss,left
dynamic_120ms,video,True,10.0,10,1.4,T,-0.12,0.6,FI_240,FI,goal,left
dynamic_120ms,video,True,12.0,12,1.6,T,-0.12,0.6,FI_241,FI,goal,left
dynamic_120ms,video,True,8.0,8,1.5,T,-0.12,0.6,FI_242,FI,goal,right
dynamic_120ms,video,True,16.0,14,0.7,F,-0.12,0.6,FI_243,FI,miss,left
dynamic_120ms,video,True,5.0,5,1.6,T,-0.12,0.6,FI_244,FI,goal,right
dynamic_120ms,video,True,1.0,1,1.6,T,-0.12,0.6,FI_245,FI,miss,right
dynamic_120ms,video,True,3.0,3,1.6,T,-0.12,0.6,FI_246,FI,miss,right
dynamic_120ms,video,True,2.0,2,1.5,T,-0.12,0.6,FI_247,FI,miss,right
dynamic_120ms,video,True,8.0,8,1.1,T,-0.12,0.6,FI_248,FI,goal,right
dynamic_120ms,video,True,15.0,15,1.3,T,-0.12,0.6,FI_249,FI,miss,left
dynamic_120ms,video,True,13.0,13,0.9,T,-0.12,0.6,FI_250,FI,miss,left
dynamic_120ms,video,True,1.0,1,2.1,T,-0.12,0.6,FI_251,FI,miss,right
dynamic_120ms,video,True,11.0,11,1.7,T,-0.12,0.6,FI_252,FI,goal,left
dynamic_120ms,video,True,16.0,16,1.5,T,-0.12,0.6,FI_253,FI,miss,left
dynamic_120ms,video,True,11.0,9,1.7,F,-0.12,0.6,FI_254,FI,goal,left
dynamic_120ms,video,True,4.0,4,1.6,T,-0.12,0.6,FI_255,FI,miss,right
dynamic_120ms,video,True,7.0,7,1.5,T,-0.12,0.6,FI_256,FI,goal,right
dynamic_120ms,video,True,6.0,6,1.5,T,-0.12,0.6,FI_257,FI,goal,right
dynamic_120ms,video,True,10.0,10,1.8,T,-0.12,0.6,FI_258,FI,goal,left
dynamic_120ms,video,True,12.0,12,1.8,T,-0.12,0.6,FI_259,FI,goal,left
dynamic_120ms,video,True,5.0,5,1.3,T,-0.12,0.6,FI_260,FI,goal,right
dynamic_120ms,video,True,2.0,2,1.6,T,-0.12,0.6,FI_261,FI,miss,right
dynamic_120ms,video,True,14.0,14,1.4,T,-0.12,0.6,FI_262,FI,miss,left
dynamic_120ms,video,True,3.0,3,0.6,T,-0.12,0.6,FI_263,FI,miss,right
dynamic_120ms,video,True,10.0,10,1.5,T,-0.12,0.6,FI_264,FI,goal,left
dynamic_120ms,video,True,15.0,13,1.3,F,-0.12,0.6,FI_265,FI,miss,left
dynamic_120ms,video,True,16.0,16,1.6,T,-0.12,0.6,FI_266,FI,miss,left
dynamic_120ms,video,True,7.0,7,1.8,T,-0.12,0.6,FI_267,FI,goal,right
dynamic_120ms,video,True,15.0,15,1.6,T,-0.12,0.6,FI_268,FI,miss,left
dynamic_120ms,video,True,11.0,11,1.9,T,-0.12,0.6,FI_269,FI,goal,left
dynamic_120ms,video,True,3.0,3,1.5,T,-0.12,0.6,FI_270,FI,miss,right
dynamic_120ms,video,True,16.0,14,1.6,F,-0.12,0.6,FI_271,FI,miss,left
dynamic_120ms,video,True,9.0,9,1.0,T,-0.12,0.6,FI_272,FI,goal,left
dynamic_120ms,video,True,1.0,1,1.4,T,-0.12,0.6,FI_273,FI,miss,right
dynamic_120ms,video,True,12.0,12,1.4,T,-0.12,0.6,FI_274,FI,goal,left
dynamic_120ms,video,True,6.0,6,0.8,T,-0.12,0.6,FI_275,FI,goal,right
dynamic_120ms,video,True,2.0,2,1.1,T,-0.12,0.6,FI_276,FI,miss,right
dynamic_120ms,video,True,4.0,4,1.5,T,-0.12,0.6,FI_277,FI,miss,right
dynamic_120ms,video,True,5.0,5,1.1,T,-0.12,0.6,FI_278,FI,goal,right
dynamic_120ms,video,True,8.0,8,1.3,T,-0.12,0.6,FI_279,FI,goal,right
dynamic_120ms,video,True,8.0,8,0.4,?,-0.12,0.6,FI_280,FI,goal,right
dynamic_120ms,video,True,6.0,6,1.4,T,-0.12,0.6,FI_281,FI,goal,right
dynamic_120ms,video,True,15.0,15,1.0,T,-0.12,0.6,FI_282,FI,miss,left
dynamic_120ms,video,True,5.0,5,1.6,T,-0.12,0.6,FI_283,FI,goal,right
dynamic_120ms,video,True,13.0,13,1.6,T,-0.12,0.6,FI_284,FI,miss,left
dynamic_120ms,video,True,8.0,8,1.2,T,-0.12,0.6,FI_285,FI,goal,right
dynamic_120ms,video,True,2.0,2,1.4,T,-0.12,0.6,FI_286,FI,miss,right
dynamic_120ms,video,True,11.0,11,1.3,T,-0.12,0.6,FI_287,FI,goal,left
dynamic_120ms,video,True,1.0,1,1.3,T,-0.12,0.6,FI_288,FI,miss,right
dynamic_120ms,video,True,9.0,9,1.4,T,-0.12,0.6,FI_289,FI,goal,left
dynamic_120ms,video,True,12.0,12,1.5,T,-0.12,0.6,FI_290,FI,goal,left
dynamic_120ms,video,True,7.0,7,1.0,T,-0.12,0.6,FI_291,FI,goal,right
dynamic_120ms,video,True,4.0,4,1.3,T,-0.12,0.6,FI_292,FI,miss,right
dynamic_120ms,video,True,14.0,14,1.3,T,-0.12,0.6,FI_293,FI,miss,left
dynamic_120ms,video,True,14.0,16,1.5,F,-0.12,0.6,FI_294,FI,miss,left
dynamic_120ms,video,True,10.0,10,1.2,T,-0.12,0.6,FI_295,FI,goal,left
dynamic_120ms,video,True,2.0,3,1.2,F,-0.12,0.6,FI_296,FI,miss,right
dynamic_120ms,video,True,11.0,11,1.4,T,-0.12,0.6,FI_297,FI,goal,left
dynamic_120ms,video,True,14.0,12,1.4,F,-0.12,0.6,FI_298,FI,miss,left
dynamic_120ms,video,True,5.0,5,2.1,T,-0.12,0.6,FI_299,FI,goal,right
dynamic_120ms,video,True,6.0,6,1.7,T,-0.12,0.6,FI_300,FI,goal,right
dynamic_120ms,video,True,16.0,16,1.0,T,-0.12,0.6,FI_301,FI,miss,left
dynamic_120ms,video,True,1.0,1,1.9,T,-0.12,0.6,FI_302,FI,miss,right
dynamic_120ms,video,True,8.0,8,0.6,T,-0.12,0.6,FI_303,FI,goal,right
dynamic_120ms,video,True,4.0,4,1.8,T,-0.12,0.6,FI_304,FI,miss,right
dynamic_120ms,video,True,9.0,9,1.5,T,-0.12,0.6,FI_305,FI,goal,left
dynamic_120ms,video,True,13.0,13,1.0,T,-0.12,0.6,FI_306,FI,miss,left
dynamic_120ms,video,True,15.0,15,1.6,T,-0.12,0.6,FI_307,FI,miss,left
dynamic_120ms,video,True,10.0,10,0.5,T,-0.12,0.6,FI_308,FI,goal,left
dynamic_120ms,video,True,14.0,14,1.1,T,-0.12,0.6,FI_309,FI,miss,left
dynamic_120ms,video,True,7.0,7,1.2,T,-0.12,0.6,FI_310,FI,goal,right
dynamic_120ms,video,True,2.0,2,1.5,T,-0.12,0.6,FI_311,FI,miss,right
dynamic_120ms,video,True,2.0,2,1.8,T,-0.12,0.6,FI_312,FI,miss,right
dynamic_120ms,video,True,15.0,15,1.6,T,-0.12,0.6,FI_313,FI,miss,left
dynamic_120ms,video,True,13.0,13,1.7,T,-0.12,0.6,FI_314,FI,miss,left
dynamic_120ms,video,True,6.0,6,2.0,T,-0.12,0.6,FI_315,FI,goal,right
dynamic_120ms,video,True,1.0,1,1.5,T,-0.12,0.6,FI_316,FI,miss,right
dynamic_120ms,video,True,4.0,4,1.4,T,-0.12,0.6,FI_317,FI,miss,right
dynamic_120ms,video,True,14.0,14,1.6,T,-0.12,0.6,FI_318,FI,miss,left
dynamic_120ms,video,True,1.0,1,1.9,T,-0.12,0.6,EW_1,EW,miss,right
dynamic_120ms,video,True,2.0,2,1.7,T,-0.12,0.6,EW_2,EW,miss,right
dynamic_120ms,video,True,6.0,6,1.5,T,-0.12,0.6,EW_3,EW,goal,right
dynamic_120ms,video,True,12.0,15,1.7,F,-0.12,0.6,EW_4,EW,goal,left
dynamic_120ms,video,True,14.0,14,1.6,T,-0.12,0.6,EW_5,EW,miss,left
dynamic_120ms,video,True,10.0,12,1.5,F,-0.12,0.6,EW_6,EW,goal,left
dynamic_120ms,video,True,9.0,9,1.7,T,-0.12,0.6,EW_7,EW,goal,left
dynamic_120ms,video,True,10.0,10,1.5,T,-0.12,0.6,EW_8,EW,goal,left
dynamic_120ms,video,True,3.0,3,1.8,T,-0.12,0.6,EW_9,EW,miss,right
dynamic_120ms,video,True,14.0,16,1.7,F,-0.12,0.6,EW_10,EW,miss,left
dynamic_120ms,video,True,5.0,5,1.7,T,-0.12,0.6,EW_11,EW,goal,right
dynamic_120ms,video,True,8.0,8,1.7,T,-0.12,0.6,EW_12,EW,goal,right
dynamic_120ms,video,True,11.0,11,1.7,T,-0.12,0.6,EW_13,EW,goal,left
dynamic_120ms,video,True,11.0,13,1.9,F,-0.12,0.6,EW_14,EW,goal,left
dynamic_120ms,video,True,4.0,4,2.2,T,-0.12,0.6,EW_15,EW,miss,right
dynamic_120ms,video,True,7.0,7,1.7,T,-0.12,0.6,EW_16,EW,goal,right
dynamic_120ms,video,True,7.0,7,1.7,T,-0.12,0.6,EW_17,EW,goal,right
dynamic_120ms,video,True,3.0,3,1.6,T,-0.12,0.6,EW_18,EW,miss,right
dynamic_120ms,video,True,9.0,9,1.5,T,-0.12,0.6,EW_19,EW,goal,left
dynamic_120ms,video,True,14.0,14,1.5,T,-0.12,0.6,EW_20,EW,miss,left
dynamic_120ms,video,True,10.0,10,1.8,T,-0.12,0.6,EW_21,EW,goal,left
dynamic_120ms,video,True,13.0,13,1.8,T,-0.12,0.6,EW_22,EW,miss,left
dynamic_120ms,video,True,11.0,11,1.8,T,-0.12,0.6,EW_23,EW,goal,left
dynamic_120ms,video,True,4.0,4,0.4,T,-0.12,0.6,EW_24,EW,miss,right
dynamic_120ms,video,True,1.0,1,1.6,T,-0.12,0.6,EW_25,EW,miss,right
dynamic_120ms,video,True,16.0,16,1.6,T,-0.12,0.6,EW_26,EW,miss,left
dynamic_120ms,video,True,15.0,15,1.6,T,-0.12,0.6,EW_27,EW,miss,left
dynamic_120ms,video,True,6.0,6,1.6,T,-0.12,0.6,EW_28,EW,goal,right
dynamic_120ms,video,True,12.0,12,1.2,T,-0.12,0.6,EW_29,EW,goal,left
dynamic_120ms,video,True,8.0,8,1.5,T,-0.12,0.6,EW_30,EW,goal,right
dynamic_120ms,video,True,4.0,2,1.4,F,-0.12,0.6,EW_31,EW,miss,right
dynamic_120ms,video,True,5.0,5,1.7,T,-0.12,0.6,EW_32,EW,goal,right
dynamic_120ms,video,True,2.0,2,1.7,T,-0.12,0.6,EW_33,EW,miss,right
dynamic_120ms,video,True,12.0,14,1.1,F,-0.12,0.6,EW_34,EW,goal,left
dynamic_120ms,video,True,9.0,9,1.7,T,-0.12,0.6,EW_35,EW,goal,left
dynamic_120ms,video,True,6.0,6,1.7,T,-0.12,0.6,EW_36,EW,goal,right
dynamic_120ms,video,True,5.0,5,0.9,T,-0.12,0.6,EW_37,EW,goal,right
dynamic_120ms,video,True,13.0,15,1.7,F,-0.12,0.6,EW_38,EW,miss,left
dynamic_120ms,video,True,1.0,1,1.7,T,-0.12,0.6,EW_39,EW,miss,right
dynamic_120ms,video,True,8.0,8,1.7,T,-0.12,0.6,EW_40,EW,goal,right
dynamic_120ms,video,True,4.0,4,1.6,T,-0.12,0.6,EW_41,EW,miss,right
dynamic_120ms,video,True,5.0,7,1.8,F,-0.12,0.6,EW_42,EW,goal,right
dynamic_120ms,video,True,3.0,3,1.8,T,-0.12,0.6,EW_43,EW,miss,right
dynamic_120ms,video,True,13.0,13,1.8,T,-0.12,0.6,EW_44,EW,miss,left
dynamic_120ms,video,True,10.0,12,1.5,F,-0.12,0.6,EW_45,EW,goal,left
dynamic_120ms,video,True,10.0,10,1.6,T,-0.12,0.6,EW_46,EW,goal,left
dynamic_120ms,video,True,14.0,16,1.5,F,-0.12,0.6,EW_47,EW,miss,left
dynamic_120ms,video,True,11.0,11,1.6,T,-0.12,0.6,EW_48,EW,goal,left
dynamic_120ms,video,True,1.0,1,1.5,T,-0.12,0.6,EW_49,EW,miss,right
dynamic_120ms,video,True,6.0,6,2.0,T,-0.12,0.6,EW_50,EW,goal,right
dynamic_120ms,video,True,3.0,3,1.7,T,-0.12,0.6,EW_51,EW,miss,right
dynamic_120ms,video,True,15.0,15,1.7,T,-0.12,0.6,EW_52,EW,miss,left
dynamic_120ms,video,True,13.0,13,1.6,T,-0.12,0.6,EW_53,EW,miss,left
dynamic_120ms,video,True,8.0,8,1.9,T,-0.12,0.6,EW_54,EW,goal,right
dynamic_120ms,video,True,5.0,5,1.6,T,-0.12,0.6,EW_55,EW,goal,right
dynamic_120ms,video,True,11.0,11,1.3,T,-0.12,0.6,EW_56,EW,goal,left
dynamic_120ms,video,True,12.0,12,1.5,T,-0.12,0.6,EW_57,EW,goal,left
dynamic_120ms,video,True,10.0,10,1.6,T,-0.12,0.6,EW_58,EW,goal,left
dynamic_120ms,video,True,14.0,14,1.7,T,-0.12,0.6,EW_59,EW,miss,left
dynamic_120ms,video,True,16.0,16,1.4,T,-0.12,0.6,EW_60,EW,miss,left
dynamic_120ms,video,True,6.0,4,1.6,F,-0.12,0.6,EW_61,EW,goal,right
dynamic_120ms,video,True,2.0,2,1.6,T,-0.12,0.6,EW_62,EW,miss,right
dynamic_120ms,video,True,7.0,7,1.8,T,-0.12,0.6,EW_63,EW,goal,right
dynamic_120ms,video,True,9.0,9,1.8,T,-0.12,0.6,EW_64,EW,goal,left
dynamic_120ms,video,True,15.0,15,1.9,T,-0.12,0.6,EW_65,EW,miss,left
dynamic_120ms,video,True,13.0,11,1.7,F,-0.12,0.6,EW_66,EW,miss,left
dynamic_120ms,video,True,5.0,5,1.8,T,-0.12,0.6,EW_67,EW,goal,right
dynamic_120ms,video,True,14.0,16,1.5,F,-0.12,0.6,EW_68,EW,miss,left
dynamic_120ms,video,True,6.0,6,1.6,T,-0.12,0.6,EW_69,EW,goal,right
dynamic_120ms,video,True,9.0,9,1.6,T,-0.12,0.6,EW_70,EW,goal,left
dynamic_120ms,video,True,10.0,10,1.5,T,-0.12,0.6,EW_71,EW,goal,left
dynamic_120ms,video,True,14.0,14,1.6,T,-0.12,0.6,EW_72,EW,miss,left
dynamic_120ms,video,True,2.0,2,1.6,T,-0.12,0.6,EW_73,EW,miss,right
dynamic_120ms,video,True,4.0,4,1.6,T,-0.12,0.6,EW_74,EW,miss,right
dynamic_120ms,video,True,1.0,1,1.8,T,-0.12,0.6,EW_75,EW,miss,right
dynamic_120ms,video,True,3.0,3,1.7,T,-0.12,0.6,EW_76,EW,miss,right
dynamic_120ms,video,True,8.0,8,1.6,T,-0.12,0.6,EW_77,EW,goal,right
dynamic_120ms,video,True,13.0,13,1.5,T,-0.12,0.6,EW_78,EW,miss,left
dynamic_120ms,video,True,12.0,12,1.6,T,-0.12,0.6,EW_79,EW,goal,left
dynamic_120ms,video,True,7.0,7,1.6,T,-0.12,0.6,EW_80,EW,goal,right
dynamic_120ms,video,True,3.0,3,1.7,T,-0.12,0.6,EW_81,EW,miss,right
dynamic_120ms,video,True,13.0,9,1.9,F,-0.12,0.6,EW_82,EW,miss,left
dynamic_120ms,video,True,5.0,5,1.9,T,-0.12,0.6,EW_83,EW,goal,right
dynamic_120ms,video,True,11.0,13,1.8,F,-0.12,0.6,EW_84,EW,goal,left
dynamic_120ms,video,True,1.0,1,1.7,T,-0.12,0.6,EW_85,EW,miss,right
dynamic_120ms,video,True,11.0,11,1.8,T,-0.12,0.6,EW_86,EW,goal,left
dynamic_120ms,video,True,7.0,7,1.8,T,-0.12,0.6,EW_87,EW,goal,right
dynamic_120ms,video,True,4.0,6,1.7,F,-0.12,0.6,EW_88,EW,miss,right
dynamic_120ms,video,True,8.0,8,1.0,T,-0.12,0.6,EW_89,EW,goal,right
dynamic_120ms,video,True,4.0,4,1.8,T,-0.12,0.6,EW_90,EW,miss,right
dynamic_120ms,video,True,14.0,14,1.8,T,-0.12,0.6,EW_91,EW,miss,left
dynamic_120ms,video,True,14.0,16,1.6,F,-0.12,0.6,EW_92,EW,miss,left
dynamic_120ms,video,True,12.0,12,1.6,T,-0.12,0.6,EW_93,EW,goal,left
dynamic_120ms,video,True,1.0,10,1.8,T,-0.12,0.6,EW_94,EW,miss,right
dynamic_120ms,video,True,2.0,2,1.7,T,-0.12,0.6,EW_95,EW,miss,right
dynamic_120ms,video,True,15.0,15,1.6,T,-0.12,0.6,EW_96,EW,miss,left
dynamic_120ms,video,True,15.0,15,1.6,T,-0.12,0.6,EW_97,EW,miss,left
dynamic_120ms,video,True,12.0,14,1.6,F,-0.12,0.6,EW_98,EW,goal,left
dynamic_120ms,video,True,3.0,3,1.0,T,-0.12,0.6,EW_99,EW,miss,right
dynamic_120ms,video,True,4.0,4,1.7,T,-0.12,0.6,EW_100,EW,miss,right
dynamic_120ms,video,True,6.0,6,1.8,T,-0.12,0.6,EW_101,EW,goal,right
dynamic_120ms,video,True,16.0,16,0.8,T,-0.12,0.6,EW_102,EW,miss,left
dynamic_120ms,video,True,7.0,7,1.8,T,-0.12,0.6,EW_103,EW,goal,right
dynamic_120ms,video,True,12.0,12,1.6,T,-0.12,0.6,EW_104,EW,goal,left
dynamic_120ms,video,True,1.0,1,1.9,T,-0.12,0.6,EW_105,EW,miss,right
dynamic_120ms,video,True,9.0,11,1.8,F,-0.12,0.6,EW_106,EW,goal,left
dynamic_120ms,video,True,9.0,9,1.9,T,-0.12,0.6,EW_107,EW,goal,left
dynamic_120ms,video,True,10.0,10,1.6,T,-0.12,0.6,EW_108,EW,goal,left
dynamic_120ms,video,True,8.0,8,1.6,T,-0.12,0.6,EW_109,EW,goal,right
dynamic_120ms,video,True,5.0,5,1.6,T,-0.12,0.6,EW_110,EW,goal,right
dynamic_120ms,video,True,2.0,2,1.5,T,-0.12,0.6,EW_111,EW,miss,right
dynamic_120ms,video,True,13.0,13,1.6,T,-0.12,0.6,EW_112,EW,miss,left
dynamic_120ms,video,True,12.0,12,1.6,T,-0.12,0.6,EW_113,EW,goal,left
dynamic_120ms,video,True,10.0,10,1.6,T,-0.12,0.6,EW_114,EW,goal,left
dynamic_120ms,video,True,14.0,14,1.1,T,-0.12,0.6,EW_115,EW,miss,left
dynamic_120ms,video,True,6.0,6,1.7,T,-0.12,0.6,EW_116,EW,goal,right
dynamic_120ms,video,True,9.0,9,1.0,T,-0.12,0.6,EW_117,EW,goal,left
dynamic_120ms,video,True,2.0,4,1.2,F,-0.12,0.6,EW_118,EW,miss,right
dynamic_120ms,video,True,11.0,11,1.7,T,-0.12,0.6,EW_119,EW,goal,left
dynamic_120ms,video,True,2.0,2,1.8,T,-0.12,0.6,EW_120,EW,miss,right
dynamic_120ms,video,True,7.0,7,1.8,T,-0.12,0.6,EW_121,EW,goal,right
dynamic_120ms,video,True,5.0,5,1.7,T,-0.12,0.6,EW_122,EW,goal,right
dynamic_120ms,video,True,13.0,15,1.6,F,-0.12,0.6,EW_123,EW,miss,left
dynamic_120ms,video,True,16.0,16,0.9,T,-0.12,0.6,EW_124,EW,miss,left
dynamic_120ms,video,True,6.0,8,1.6,F,-0.12,0.6,EW_125,EW,goal,right
dynamic_120ms,video,True,1.0,1,1.6,T,-0.12,0.6,EW_126,EW,miss,right
dynamic_120ms,video,True,3.0,3,1.8,T,-0.12,0.6,EW_127,EW,miss,right
dynamic_120ms,video,True,4.0,4,1.5,T,-0.12,0.6,EW_128,EW,miss,right
dynamic_120ms,video,True,2.0,2,1.6,T,-0.12,0.6,EW_129,EW,miss,right
dynamic_120ms,video,True,12.0,12,1.8,T,-0.12,0.6,EW_130,EW,goal,left
dynamic_120ms,video,True,9.0,9,1.9,T,-0.12,0.6,EW_131,EW,goal,left
dynamic_120ms,video,True,12.0,14,1.6,F,-0.12,0.6,EW_132,EW,goal,left
dynamic_120ms,video,True,1.0,1,1.8,T,-0.12,0.6,EW_133,EW,miss,right
dynamic_120ms,video,True,10.0,10,1.8,T,-0.12,0.6,EW_134,EW,goal,left
dynamic_120ms,video,True,11.0,11,1.5,T,-0.12,0.6,EW_135,EW,goal,left
dynamic_120ms,video,True,6.0,6,1.7,T,-0.12,0.6,EW_136,EW,goal,right
dynamic_120ms,video,True,13.0,13,1.0,T,-0.12,0.6,EW_137,EW,miss,left
dynamic_120ms,video,True,3.0,3,1.8,T,-0.12,0.6,EW_138,EW,miss,right
dynamic_120ms,video,True,5.0,5,1.8,T,-0.12,0.6,EW_139,EW,goal,right
dynamic_120ms,video,True,7.0,8,1.7,F,-0.12,0.6,EW_140,EW,goal,right
dynamic_120ms,video,True,15.0,15,1.6,T,-0.12,0.6,EW_141,EW,miss,left
dynamic_120ms,video,True,7.0,7,1.6,T,-0.12,0.6,EW_142,EW,goal,right
dynamic_120ms,video,True,16.0,16,1.7,T,-0.12,0.6,EW_143,EW,miss,left
dynamic_120ms,video,True,11.0,13,1.7,F,-0.12,0.6,EW_144,EW,goal,left
dynamic_120ms,video,True,12.0,14,2.0,F,-0.12,0.6,EW_145,EW,goal,left
dynamic_120ms,video,True,2.0,2,1.6,T,-0.12,0.6,EW_146,EW,miss,right
dynamic_120ms,video,True,6.0,6,1.8,T,-0.12,0.6,EW_147,EW,goal,right
dynamic_120ms,video,True,4.0,4,1.7,T,-0.12,0.6,EW_148,EW,miss,right
dynamic_120ms,video,True,15.0,15,1.8,T,-0.12,0.6,EW_149,EW,miss,left
dynamic_120ms,video,True,7.0,8,1.6,F,-0.12,0.6,EW_150,EW,goal,right
dynamic_120ms,video,True,11.0,11,1.6,T,-0.12,0.6,EW_151,EW,goal,left
dynamic_120ms,video,True,16.0,16,1.6,T,-0.12,0.6,EW_152,EW,miss,left
dynamic_120ms,video,True,9.0,9,1.6,T,-0.12,0.6,EW_153,EW,goal,left
dynamic_120ms,video,True,12.0,12,1.6,T,-0.12,0.6,EW_154,EW,goal,left
dynamic_120ms,video,True,7.0,7,1.4,T,-0.12,0.6,EW_155,EW,goal,right
dynamic_120ms,video,True,10.0,10,1.7,T,-0.12,0.6,EW_156,EW,goal,left
dynamic_120ms,video,True,1.0,5,1.1,F,-0.12,0.6,EW_157,EW,miss,right
dynamic_120ms,video,True,1.0,1,1.2,T,-0.12,0.6,EW_158,EW,miss,right
dynamic_120ms,video,True,3.0,3,1.8,T,-0.12,0.6,EW_159,EW,miss,right
dynamic_120ms,video,True,8.0,8,1.8,T,-0.12,0.6,EW_160,EW,goal,right
dynamic_120ms,video,True,10.0,10,1.9,T,-0.12,0.6,EW_161,EW,goal,left
dynamic_120ms,video,True,1.0,1,1.9,T,-0.12,0.6,EW_162,EW,miss,right
dynamic_120ms,video,True,11.0,9,1.9,F,-0.12,0.6,EW_163,EW,goal,left
dynamic_120ms,video,True,5.0,5,2.0,T,-0.12,0.6,EW_164,EW,goal,right
dynamic_120ms,video,True,14.0,14,1.8,T,-0.12,0.6,EW_165,EW,miss,left
dynamic_120ms,video,True,2.0,2,1.7,T,-0.12,0.6,EW_166,EW,miss,right
dynamic_120ms,video,True,10.0,12,1.9,F,-0.12,0.6,EW_167,EW,goal,left
dynamic_120ms,video,True,4.0,6,0.9,F,-0.12,0.6,EW_168,EW,miss,right
dynamic_120ms,video,True,3.0,3,1.8,T,-0.12,0.6,EW_169,EW,miss,right
dynamic_120ms,video,True,15.0,15,1.8,T,-0.12,0.6,EW_170,EW,miss,left
dynamic_120ms,video,True,4.0,4,1.3,T,-0.12,0.6,EW_171,EW,miss,right
dynamic_120ms,video,True,11.0,11,1.7,T,-0.12,0.6,EW_172,EW,goal,left
dynamic_120ms,video,True,13.0,13,1.7,T,-0.12,0.6,EW_173,EW,miss,left
dynamic_120ms,video,True,16.0,16,1.7,T,-0.12,0.6,EW_174,EW,miss,left
dynamic_120ms,video,True,7.0,7,1.8,T,-0.12,0.6,EW_175,EW,goal,right
dynamic_120ms,video,True,2.0,2,1.9,T,-0.12,0.6,EW_176,EW,miss,right
dynamic_120ms,video,True,3.0,3,1.8,T,-0.12,0.6,EW_177,EW,miss,right
dynamic_120ms,video,True,6.0,8,1.8,F,-0.12,0.6,EW_178,EW,goal,right
dynamic_120ms,video,True,5.0,5,1.9,T,-0.12,0.6,EW_179,EW,goal,right
dynamic_120ms,video,True,9.0,9,1.2,T,-0.12,0.6,EW_180,EW,goal,left
dynamic_120ms,video,True,14.0,16,1.1,F,-0.12,0.6,EW_181,EW,miss,left
dynamic_120ms,video,True,1.0,1,1.2,T,-0.12,0.6,EW_182,EW,miss,right
dynamic_120ms,video,True,11.0,11,1.7,T,-0.12,0.6,EW_183,EW,goal,left
dynamic_120ms,video,True,7.0,7,1.7,T,-0.12,0.6,EW_184,EW,goal,right
dynamic_120ms,video,True,10.0,10,1.3,T,-0.12,0.6,EW_185,EW,goal,left
dynamic_120ms,video,True,4.0,4,1.2,T,-0.12,0.6,EW_186,EW,miss,right
dynamic_120ms,video,True,13.0,13,1.8,T,-0.12,0.6,EW_187,EW,miss,left
dynamic_120ms,video,True,14.0,14,1.7,T,-0.12,0.6,EW_188,EW,miss,left
dynamic_120ms,video,True,15.0,15,1.7,T,-0.12,0.6,EW_189,EW,miss,left
dynamic_120ms,video,True,10.0,12,1.8,F,-0.12,0.6,EW_190,EW,goal,left
dynamic_120ms,video,True,6.0,6,1.6,T,-0.12,0.6,EW_191,EW,goal,right
dynamic_120ms,video,True,14.0,16,1.0,F,-0.12,0.6,EW_192,EW,miss,left
dynamic_120ms,video,True,2.0,2,1.1,T,-0.12,0.6,EW_193,EW,miss,right
dynamic_120ms,video,True,10.0,10,1.3,T,-0.12,0.6,EW_194,EW,goal,left
dynamic_120ms,video,True,12.0,12,1.2,T,-0.12,0.6,EW_195,EW,goal,left
dynamic_120ms,video,True,5.0,5,1.1,T,-0.12,0.6,EW_196,EW,goal,right
dynamic_120ms,video,True,1.0,1,1.7,T,-0.12,0.6,EW_197,EW,miss,right
dynamic_120ms,video,True,11.0,11,1.6,T,-0.12,0.6,EW_198,EW,goal,left
dynamic_120ms,video,True,6.0,8,1.2,F,-0.12,0.6,EW_199,EW,goal,right
dynamic_120ms,video,True,6.0,6,2.0,T,-0.12,0.6,EW_200,EW,goal,right
dynamic_120ms,video,True,7.0,7,1.1,T,-0.12,0.6,EW_201,EW,goal,right
dynamic_120ms,video,True,1.0,3,1.7,F,-0.12,0.6,EW_202,EW,miss,right
dynamic_120ms,video,True,15.0,15,1.5,T,-0.12,0.6,EW_203,EW,miss,left
dynamic_120ms,video,True,13.0,13,1.9,T,-0.12,0.6,EW_204,EW,miss,left
dynamic_120ms,video,True,2.0,4,1.7,F,-0.12,0.6,EW_205,EW,miss,right
dynamic_120ms,video,True,9.0,9,1.7,T,-0.12,0.6,EW_206,EW,goal,left
dynamic_120ms,video,True,12.0,14,1.8,F,-0.12,0.6,EW_207,EW,goal,left
dynamic_120ms,video,True,3.0,3,1.7,T,-0.12,0.6,EW_208,EW,miss,right
dynamic_120ms,video,True,7.0,7,1.8,T,-0.12,0.6,EW_209,EW,goal,right
dynamic_120ms,video,True,14.0,16,1.6,F,-0.12,0.6,EW_210,EW,miss,left
dynamic_120ms,video,True,5.0,5,1.7,T,-0.12,0.6,EW_211,EW,goal,right
dynamic_120ms,video,True,10.0,10,1.2,T,-0.12,0.6,EW_212,EW,goal,left
dynamic_120ms,video,True,2.0,2,1.1,T,-0.12,0.6,EW_213,EW,miss,right
dynamic_120ms,video,True,13.0,13,1.1,T,-0.12,0.6,EW_214,EW,miss,left
dynamic_120ms,video,True,16.0,16,1.0,T,-0.12,0.6,EW_215,EW,miss,left
dynamic_120ms,video,True,7.0,7,1.6,T,-0.12,0.6,EW_216,EW,goal,right
dynamic_120ms,video,True,15.0,15,1.8,T,-0.12,0.6,EW_217,EW,miss,left
dynamic_120ms,video,True,11.0,11,1.2,T,-0.12,0.6,EW_218,EW,goal,left
dynamic_120ms,video,True,3.0,3,1.6,T,-0.12,0.6,EW_219,EW,miss,right
dynamic_120ms,video,True,12.0,14,1.7,F,-0.12,0.6,EW_220,EW,goal,left
dynamic_120ms,video,True,9.0,9,1.7,T,-0.12,0.6,EW_221,EW,goal,left
dynamic_120ms,video,True,1.0,1,1.3,T,-0.12,0.6,EW_222,EW,miss,right
dynamic_120ms,video,True,12.0,12,1.7,T,-0.12,0.6,EW_223,EW,goal,left
dynamic_120ms,video,True,6.0,6,1.2,T,-0.12,0.6,EW_224,EW,goal,right
dynamic_120ms,video,True,2.0,2,1.7,T,-0.12,0.6,EW_225,EW,miss,right
dynamic_120ms,video,True,4.0,4,1.5,T,-0.12,0.6,EW_226,EW,miss,right
dynamic_120ms,video,True,5.0,5,1.7,T,-0.12,0.6,EW_227,EW,goal,right
dynamic_120ms,video,True,8.0,8,1.7,T,-0.12,0.6,EW_228,EW,goal,right
dynamic_120ms,video,True,6.0,6,1.7,T,-0.12,0.6,EW_229,EW,goal,right
dynamic_120ms,video,True,15.0,15,1.7,T,-0.12,0.6,EW_230,EW,miss,left
dynamic_120ms,video,True,4.0,5,1.7,F,-0.12,0.6,EW_231,EW,miss,right
dynamic_120ms,video,True,13.0,13,1.7,T,-0.12,0.6,EW_232,EW,miss,left
dynamic_120ms,video,True,8.0,8,1.7,T,-0.12,0.6,EW_233,EW,goal,right
dynamic_120ms,video,True,2.0,2,1.7,T,-0.12,0.6,EW_234,EW,miss,right
dynamic_120ms,video,True,11.0,11,1.8,T,-0.12,0.6,EW_235,EW,goal,left
dynamic_120ms,video,True,1.0,1,1.3,T,-0.12,0.6,EW_236,EW,miss,right
dynamic_120ms,video,True,9.0,9,1.8,T,-0.12,0.6,EW_237,EW,goal,left
dynamic_120ms,video,True,14.0,12,1.8,F,-0.12,0.6,EW_238,EW,miss,left
dynamic_120ms,video,True,7.0,7,1.7,T,-0.12,0.6,EW_239,EW,goal,right
dynamic_120ms,video,True,2.0,4,1.7,F,-0.12,0.6,EW_240,EW,miss,right
dynamic_120ms,video,True,14.0,14,1.7,T,-0.12,0.6,EW_241,EW,miss,left
dynamic_120ms,video,True,16.0,16,1.8,T,-0.12,0.6,EW_242,EW,miss,left
dynamic_120ms,video,True,10.0,10,1.8,T,-0.12,0.6,EW_243,EW,goal,left
dynamic_120ms,video,True,1.0,3,2.0,F,-0.12,0.6,EW_244,EW,miss,right
dynamic_120ms,video,True,11.0,11,1.8,T,-0.12,0.6,EW_245,EW,goal,left
dynamic_120ms,video,True,12.0,12,1.3,T,-0.12,0.6,EW_246,EW,goal,left
dynamic_120ms,video,True,5.0,5,1.7,T,-0.12,0.6,EW_247,EW,goal,right
dynamic_120ms,video,True,4.0,6,1.9,F,-0.12,0.6,EW_248,EW,miss,right
dynamic_120ms,video,True,16.0,16,1.2,T,-0.12,0.6,EW_249,EW,miss,left
dynamic_120ms,video,True,1.0,1,1.2,T,-0.12,0.6,EW_250,EW,miss,right
dynamic_120ms,video,True,6.0,8,1.7,F,-0.12,0.6,EW_251,EW,goal,right
dynamic_120ms,video,True,4.0,4,1.8,T,-0.12,0.6,EW_252,EW,miss,right
dynamic_120ms,video,True,9.0,9,1.7,T,-0.12,0.6,EW_253,EW,goal,left
dynamic_120ms,video,True,13.0,13,1.6,T,-0.12,0.6,EW_254,EW,miss,left
dynamic_120ms,video,True,15.0,15,1.6,T,-0.12,0.6,EW_255,EW,miss,left
dynamic_120ms,video,True,3.0,3,1.7,T,-0.12,0.6,EW_256,EW,miss,right
dynamic_120ms,video,True,10.0,10,1.0,T,-0.12,0.6,EW_257,EW,goal,left
dynamic_120ms,video,True,14.0,14,1.6,T,-0.12,0.6,EW_258,EW,miss,left
dynamic_120ms,video,True,6.0,7,1.8,F,-0.12,0.6,EW_259,EW,goal,right
dynamic_120ms,video,True,2.0,2,1.6,T,-0.12,0.6,EW_260,EW,miss,right
dynamic_120ms,video,True,2.0,2,1.2,T,-0.12,0.6,EW_261,EW,miss,right
dynamic_120ms,video,True,15.0,15,1.8,T,-0.12,0.6,EW_262,EW,miss,left
dynamic_120ms,video,True,13.0,13,1.6,T,-0.12,0.6,EW_263,EW,miss,left
dynamic_120ms,video,True,6.0,6,1.4,T,-0.12,0.6,EW_264,EW,goal,right
dynamic_120ms,video,True,1.0,1,1.6,T,-0.12,0.6,EW_265,EW,miss,right
dynamic_120ms,video,True,6.0,4,1.7,F,-0.12,0.6,EW_266,EW,goal,right
dynamic_120ms,video,True,14.0,14,1.5,T,-0.12,0.6,EW_267,EW,miss,left
dynamic_120ms,video,True,8.0,8,1.6,T,-0.12,0.6,EW_268,EW,goal,right
dynamic_120ms,video,True,10.0,10,1.2,T,-0.12,0.6,EW_269,EW,goal,left
dynamic_120ms,video,True,3.0,3,1.7,T,-0.12,0.6,EW_270,EW,miss,right
dynamic_120ms,video,True,12.0,12,1.2,T,-0.12,0.6,EW_271,EW,goal,left
dynamic_120ms,video,True,9.0,9,1.5,T,-0.12,0.6,EW_272,EW,goal,left
dynamic_120ms,video,True,7.0,7,1.6,T,-0.12,0.6,EW_273,EW,goal,right
dynamic_120ms,video,True,11.0,11,1.7,T,-0.12,0.6,EW_274,EW,goal,left
dynamic_120ms,video,True,16.0,16,1.6,T,-0.12,0.6,EW_275,EW,miss,left
dynamic_120ms,video,True,5.0,5,1.7,T,-0.12,0.6,EW_276,EW,goal,right
dynamic_120ms,video,True,10.0,10,1.6,T,-0.12,0.6,EW_277,EW,goal,left
dynamic_120ms,video,True,13.0,13,1.7,T,-0.12,0.6,EW_278,EW,miss,left
dynamic_120ms,video,True,10.0,12,1.7,F,-0.12,0.6,EW_279,EW,goal,left
dynamic_120ms,video,True,7.0,7,1.8,T,-0.12,0.6,EW_280,EW,goal,right
dynamic_120ms,video,True,12.0,14,1.0,F,-0.12,0.6,EW_281,EW,goal,left
dynamic_120ms,video,True,2.0,2,1.7,T,-0.12,0.6,EW_282,EW,miss,right
dynamic_120ms,video,True,5.0,5,1.7,T,-0.12,0.6,EW_283,EW,goal,right
dynamic_120ms,video,True,1.0,1,1.3,T,-0.12,0.6,EW_284,EW,miss,right
dynamic_120ms,video,True,11.0,11,1.7,T,-0.12,0.6,EW_285,EW,goal,left
dynamic_120ms,video,True,9.0,9,1.8,T,-0.12,0.6,EW_286,EW,goal,left
dynamic_120ms,video,True,3.0,3,1.5,T,-0.12,0.6,EW_287,EW,miss,right
dynamic_120ms,video,True,15.0,15,1.6,T,-0.12,0.6,EW_288,EW,miss,left
dynamic_120ms,video,True,16.0,16,1.7,T,-0.12,0.6,EW_289,EW,miss,left
dynamic_120ms,video,True,4.0,6,1.6,F,-0.12,0.6,EW_290,EW,miss,right
dynamic_120ms,video,True,4.0,4,1.6,T,-0.12,0.6,EW_291,EW,miss,right
dynamic_120ms,video,True,8.0,8,1.6,T,-0.12,0.6,EW_292,EW,goal,right
dynamic_120ms,video,True,6.0,6,1.6,T,-0.12,0.6,EW_293,EW,goal,right
dynamic_120ms,video,True,2.0,2,1.5,T,-0.12,0.6,EW_294,EW,miss,right
dynamic_120ms,video,True,14.0,14,1.5,T,-0.12,0.6,EW_295,EW,miss,left
dynamic_120ms,video,True,6.0,7,1.2,F,-0.12,0.6,EW_296,EW,goal,right
dynamic_120ms,video,True,10.0,10,1.9,T,-0.12,0.6,EW_297,EW,goal,left
dynamic_120ms,video,True,3.0,3,1.7,T,-0.12,0.6,EW_298,EW,miss,right
dynamic_120ms,video,True,11.0,11,1.1,T,-0.12,0.6,EW_299,EW,goal,left
dynamic_120ms,video,True,8.0,8,1.6,T,-0.12,0.6,EW_300,EW,goal,right
dynamic_120ms,video,True,5.0,5,1.5,T,-0.12,0.6,EW_301,EW,goal,right
dynamic_120ms,video,True,10.0,12,1.2,F,-0.12,0.6,EW_302,EW,goal,left
dynamic_120ms,video,True,15.0,15,1.6,T,-0.12,0.6,EW_303,EW,miss,left
dynamic_120ms,video,True,1.0,1,1.5,T,-0.12,0.6,EW_304,EW,miss,right
dynamic_120ms,video,True,4.0,4,1.6,T,-0.12,0.6,EW_305,EW,miss,right
dynamic_120ms,video,True,9.0,9,1.1,T,-0.12,0.6,EW_306,EW,goal,left
dynamic_120ms,video,True,13.0,13,1.7,T,-0.12,0.6,EW_307,EW,miss,left
dynamic_120ms,video,True,16.0,16,1.6,T,-0.12,0.6,EW_308,EW,miss,left
dynamic_120ms,video,True,4.0,4,1.7,T,-0.12,0.6,EW_309,EW,miss,right
dynamic_120ms,video,True,1.0,1,1.1,T,-0.12,0.6,EW_310,EW,miss,right
dynamic_120ms,video,True,2.0,2,1.8,T,-0.12,0.6,EW_311,EW,miss,right
dynamic_120ms,video,True,8.0,8,1.8,T,-0.12,0.6,EW_312,EW,goal,right
dynamic_120ms,video,True,16.0,16,1.5,T,-0.12,0.6,EW_313,EW,miss,left
dynamic_120ms,video,True,9.0,9,1.2,T,-0.12,0.6,EW_314,EW,goal,left
dynamic_120ms,video,True,14.0,14,1.0,T,-0.12,0.6,EW_315,EW,miss,left
dynamic_120ms,video,True,5.0,5,1.2,T,-0.12,0.6,EW_316,EW,goal,right
dynamic_120ms,video,True,10.0,10,1.8,T,-0.12,0.6,EW_317,EW,goal,left
dynamic_120ms,video,True,15.0,15,1.1,T,-0.12,0.6,EW_318,EW,miss,left
dynamic_120ms,video,True,13.0,13,1.7,T,-0.12,0.6,EW_319,EW,miss,left
dynamic_120ms,video,True,7.0,7,1.7,T,-0.12,0.6,EW_320,EW,goal,right
dynamic_120ms,video,True,6.0,6,0.8,T,-0.12,0.6,EW_321,EW,goal,right
dynamic_120ms,video,True,3.0,3,1.7,T,-0.12,0.6,EW_322,EW,miss,right
dynamic_120ms,video,True,11.0,11,1.6,T,-0.12,0.6,EW_323,EW,goal,left
dynamic_120ms,video,True,12.0,12,1.6,T,-0.12,0.6,EW_324,EW,goal,left
dynamic_120ms,video,True,9.0,9,1.7,T,-0.12,0.6,EW_325,EW,goal,left
dynamic_120ms,video,True,6.0,6,1.8,T,-0.12,0.6,EW_326,EW,goal,right
dynamic_120ms,video,True,2.0,2,1.6,T,-0.12,0.6,EW_327,EW,miss,right
dynamic_120ms,video,True,16.0,16,1.0,T,-0.12,0.6,EW_328,EW,miss,left
dynamic_120ms,video,True,10.0,10,1.6,T,-0.12,0.6,EW_329,EW,goal,left
dynamic_120ms,video,True,7.0,7,1.1,T,-0.12,0.6,EW_330,EW,goal,right
dynamic_120ms,video,True,13.0,13,1.5,T,-0.12,0.6,EW_331,EW,miss,left
dynamic_120ms,video,True,8.0,8,1.7,T,-0.12,0.6,EW_332,EW,goal,right
dynamic_120ms,video,True,11.0,11,1.1,T,-0.12,0.6,EW_333,EW,goal,left
dynamic_120ms,video,True,4.0,4,1.6,T,-0.12,0.6,EW_334,EW,miss,right
dynamic_120ms,video,True,3.0,3,1.8,T,-0.12,0.6,EW_335,EW,miss,right
dynamic_120ms,video,True,5.0,5,1.6,T,-0.12,0.6,EW_336,EW,goal,right
dynamic_120ms,video,True,15.0,15,1.5,T,-0.12,0.6,EW_337,EW,miss,left
dynamic_120ms,video,True,12.0,12,1.5,T,-0.12,0.6,EW_338,EW,goal,left
dynamic_120ms,video,True,1.0,1,1.7,T,-0.12,0.6,EW_339,EW,miss,right
dynamic_120ms,video,True,14.0,14,1.6,T,-0.12,0.6,EW_340,EW,miss,left
dynamic_120ms,video,True,7.0,7,1.6,T,-0.12,0.6,EW_341,EW,goal,right
dynamic_120ms,video,True,2.0,2,1.6,T,-0.12,0.6,EW_342,EW,miss,right
dynamic_120ms,video,True,3.0,3,1.7,T,-0.12,0.6,EW_343,EW,miss,right
dynamic_120ms,video,True,4.0,6,1.5,F,-0.12,0.6,EW_344,EW,miss,right
dynamic_120ms,video,True,9.0,9,1.6,T,-0.12,0.6,EW_345,EW,goal,left
dynamic_120ms,video,True,11.0,11,1.7,T,-0.12,0.6,EW_346,EW,goal,left
dynamic_120ms,video,True,14.0,14,1.6,T,-0.12,0.6,EW_347,EW,miss,left
dynamic_120ms,video,True,16.0,16,1.4,T,-0.12,0.6,EW_348,EW,miss,left
dynamic_120ms,video,True,15.0,15,1.6,T,-0.12,0.6,EW_349,EW,miss,left
dynamic_120ms,video,True,8.0,8,1.6,F,-0.12,0.6,EW_350,EW,goal,right
dynamic_120ms,video,True,13.0,13,1.6,T,-0.12,0.6,EW_351,EW,miss,left
dynamic_120ms,video,True,16.0,16,1.6,T,-0.12,0.6,EW_352,EW,miss,left
dynamic_120ms,video,True,7.0,7,1.6,T,-0.12,0.6,EW_353,EW,goal,right
dynamic_120ms,video,True,5.0,5,1.7,T,-0.12,0.6,EW_354,EW,goal,right
dynamic_120ms,video,True,1.0,1,1.5,T,-0.12,0.6,EW_355,EW,miss,right
dynamic_120ms,video,True,2.0,2,1.7,T,-0.12,0.6,EW_356,EW,miss,right
dynamic_120ms,video,True,10.0,10,1.5,T,-0.12,0.6,EW_357,EW,goal,left
dynamic_120ms,video,True,8.0,8,1.3,F,-0.12,0.6,EW_358,EW,goal,right
dynamic_120ms,video,True,3.0,3,1.5,F,-0.12,0.6,EW_359,EW,miss,right
