participant_id,group,block,trial,tap_num,type,ISI_ms,condition,difficulty,stimuli_path,synchronized_sound_tick_ms,key_response_tick_ms,interval_ms,trial_type,key_correct,start_time,end_time
alvin,al,practice1,1,1,synchronized,600,synchronized,600,/Users/alvinm/Documents/Documents/Academic/Research/CognAC/cerebellum/time/tapping/stimuli/tapping_task_tone_900Hz_50ms_0.25amp.wav,3071,,,True,d,2025-08-04_14-23-59,2025-08-04_14-24-07
alvin,al,practice1,1,2,synchronized,600,synchronized,600,/Users/alvinm/Documents/Documents/Academic/Research/CognAC/cerebellum/time/tapping/stimuli/tapping_task_tone_900Hz_50ms_0.25amp.wav,3671,,,True,d,2025-08-04_14-23-59,2025-08-04_14-24-07
alvin,al,practice1,1,3,synchronized,600,synchronized,600,/Users/alvinm/Documents/Documents/Academic/Research/CognAC/cerebellum/time/tapping/stimuli/tapping_task_tone_900Hz_50ms_0.25amp.wav,4271,4384,,True,d,2025-08-04_14-23-59,2025-08-04_14-24-07
alvin,al,practice1,1,4,synchronized,600,synchronized,600,/Users/alvinm/Documents/Documents/Academic/Research/CognAC/cerebellum/time/tapping/stimuli/tapping_task_tone_900Hz_50ms_0.25amp.wav,4871,4956,572,True,d,2025-08-04_14-23-59,2025-08-04_14-24-07
alvin,al,practice1,1,5,synchronized,600,synchronized,600,/Users/alvinm/Documents/Documents/Academic/Research/CognAC/cerebellum/time/tapping/stimuli/tapping_task_tone_900Hz_50ms_0.25amp.wav,5471,5513,557,True,d,2025-08-04_14-23-59,2025-08-04_14-24-07
alvin,al,practice1,1,6,synchronized,600,synchronized,600,/Users/alvinm/Documents/Documents/Academic/Research/CognAC/cerebellum/time/tapping/stimuli/tapping_task_tone_900Hz_50ms_0.25amp.wav,6071,6156,643,True,d,2025-08-04_14-23-59,2025-08-04_14-24-07
alvin,al,practice1,1,7,synchronized,600,synchronized,600,/Users/alvinm/Documents/Documents/Academic/Research/CognAC/cerebellum/time/tapping/stimuli/tapping_task_tone_900Hz_50ms_0.25amp.wav,6671,6763,607,True,d,2025-08-04_14-23-59,2025-08-04_14-24-07
alvin,al,practice1,1,8,self_paced,600,self_paced,600,/Users/alvinm/Documents/Documents/Academic/Research/CognAC/cerebellum/time/tapping/stimuli/tapping_task_tone_900Hz_50ms_0.25amp.wav,,7344,581,True,d,2025-08-04_14-23-59,2025-08-04_14-24-07
alvin,al,practice1,1,9,self_paced,600,self_paced,600,/Users/alvinm/Documents/Documents/Academic/Research/CognAC/cerebellum/time/tapping/stimuli/tapping_task_tone_900Hz_50ms_0.25amp.wav,,7939,595,True,d,2025-08-04_14-23-59,2025-08-04_14-24-07
alvin,al,practice1,1,10,self_paced,600,self_paced,600,/Users/alvinm/Documents/Documents/Academic/Research/CognAC/cerebellum/time/tapping/stimuli/tapping_task_tone_900Hz_50ms_0.25amp.wav,,8537,598,True,d,2025-08-04_14-23-59,2025-08-04_14-24-07
alvin,al,practice1,1,11,self_paced,600,self_paced,600,/Users/alvinm/Documents/Documents/Academic/Research/CognAC/cerebellum/time/tapping/stimuli/tapping_task_tone_900Hz_50ms_0.25amp.wav,,9115,578,True,d,2025-08-04_14-23-59,2025-08-04_14-24-07
alvin,al,practice1,1,12,self_paced,600,self_paced,600,/Users/alvinm/Documents/Documents/Academic/Research/CognAC/cerebellum/time/tapping/stimuli/tapping_task_tone_900Hz_50ms_0.25amp.wav,,9744,629,True,d,2025-08-04_14-23-59,2025-08-04_14-24-07
alvin,al,practice1,2,13,synchronized,600,synchronized,600,/Users/alvinm/Documents/Documents/Academic/Research/CognAC/cerebellum/time/tapping/stimuli/tapping_task_tone_900Hz_50ms_0.25amp.wav,10758,10760,,True,d,2025-08-04_14-24-07,2025-08-04_14-24-14
alvin,al,practice1,2,14,synchronized,600,synchronized,600,/Users/alvinm/Documents/Documents/Academic/Research/CognAC/cerebellum/time/tapping/stimuli/tapping_task_tone_900Hz_50ms_0.25amp.wav,11358,11881,1121,True,d,2025-08-04_14-24-07,2025-08-04_14-24-14
alvin,al,practice1,2,15,synchronized,600,synchronized,600,/Users/alvinm/Documents/Documents/Academic/Research/CognAC/cerebellum/time/tapping/stimuli/tapping_task_tone_900Hz_50ms_0.25amp.wav,11958,12548,667,True,d,2025-08-04_14-24-07,2025-08-04_14-24-14
alvin,al,practice1,2,16,synchronized,600,synchronized,600,/Users/alvinm/Documents/Documents/Academic/Research/CognAC/cerebellum/time/tapping/stimuli/tapping_task_tone_900Hz_50ms_0.25amp.wav,12558,,,True,d,2025-08-04_14-24-07,2025-08-04_14-24-14
alvin,al,practice1,2,17,synchronized,600,synchronized,600,/Users/alvinm/Documents/Documents/Academic/Research/CognAC/cerebellum/time/tapping/stimuli/tapping_task_tone_900Hz_50ms_0.25amp.wav,13158,13169,,True,d,2025-08-04_14-24-07,2025-08-04_14-24-14
alvin,al,practice1,2,18,synchronized,600,synchronized,600,/Users/alvinm/Documents/Documents/Academic/Research/CognAC/cerebellum/time/tapping/stimuli/tapping_task_tone_900Hz_50ms_0.25amp.wav,13758,13758,589,True,d,2025-08-04_14-24-07,2025-08-04_14-24-14
alvin,al,practice1,2,19,self_paced,600,self_paced,600,/Users/alvinm/Documents/Documents/Academic/Research/CognAC/cerebellum/time/tapping/stimuli/tapping_task_tone_900Hz_50ms_0.25amp.wav,,14405,647,True,d,2025-08-04_14-24-07,2025-08-04_14-24-14
alvin,al,practice1,2,20,self_paced,600,self_paced,600,/Users/alvinm/Documents/Documents/Academic/Research/CognAC/cerebellum/time/tapping/stimuli/tapping_task_tone_900Hz_50ms_0.25amp.wav,,15038,633,True,d,2025-08-04_14-24-07,2025-08-04_14-24-14
alvin,al,practice1,2,21,self_paced,600,self_paced,600,/Users/alvinm/Documents/Documents/Academic/Research/CognAC/cerebellum/time/tapping/stimuli/tapping_task_tone_900Hz_50ms_0.25amp.wav,,15611,573,True,d,2025-08-04_14-24-07,2025-08-04_14-24-14
alvin,al,practice1,2,22,self_paced,600,self_paced,600,/Users/alvinm/Documents/Documents/Academic/Research/CognAC/cerebellum/time/tapping/stimuli/tapping_task_tone_900Hz_50ms_0.25amp.wav,,16192,581,True,d,2025-08-04_14-24-07,2025-08-04_14-24-14
alvin,al,practice1,2,23,self_paced,600,self_paced,600,/Users/alvinm/Documents/Documents/Academic/Research/CognAC/cerebellum/time/tapping/stimuli/tapping_task_tone_900Hz_50ms_0.25amp.wav,,16812,620,True,d,2025-08-04_14-24-07,2025-08-04_14-24-14
alvin,al,block1,3,24,synchronized,600,synchronized,600,/Users/alvinm/Documents/Documents/Academic/Research/CognAC/cerebellum/time/tapping/stimuli/tapping_task_tone_900Hz_50ms_0.25amp.wav,19470,19474,,True,d,2025-08-04_14-24-15,2025-08-04_14-24-22
alvin,al,block1,3,25,synchronized,600,synchronized,600,/Users/alvinm/Documents/Documents/Academic/Research/CognAC/cerebellum/time/tapping/stimuli/tapping_task_tone_900Hz_50ms_0.25amp.wav,20070,20614,1140,True,d,2025-08-04_14-24-15,2025-08-04_14-24-22
alvin,al,block1,3,26,synchronized,600,synchronized,600,/Users/alvinm/Documents/Documents/Academic/Research/CognAC/cerebellum/time/tapping/stimuli/tapping_task_tone_900Hz_50ms_0.25amp.wav,20670,,,True,d,2025-08-04_14-24-15,2025-08-04_14-24-22
alvin,al,block1,3,27,synchronized,600,synchronized,600,/Users/alvinm/Documents/Documents/Academic/Research/CognAC/cerebellum/time/tapping/stimuli/tapping_task_tone_900Hz_50ms_0.25amp.wav,21270,21287,,True,d,2025-08-04_14-24-15,2025-08-04_14-24-22
alvin,al,block1,3,28,synchronized,600,synchronized,600,/Users/alvinm/Documents/Documents/Academic/Research/CognAC/cerebellum/time/tapping/stimuli/tapping_task_tone_900Hz_50ms_0.25amp.wav,21870,21906,619,True,d,2025-08-04_14-24-15,2025-08-04_14-24-22
alvin,al,block1,3,29,synchronized,600,synchronized,600,/Users/alvinm/Documents/Documents/Academic/Research/CognAC/cerebellum/time/tapping/stimuli/tapping_task_tone_900Hz_50ms_0.25amp.wav,22470,22492,586,True,d,2025-08-04_14-24-15,2025-08-04_14-24-22
alvin,al,block1,3,30,self_paced,600,self_paced,600,/Users/alvinm/Documents/Documents/Academic/Research/CognAC/cerebellum/time/tapping/stimuli/tapping_task_tone_900Hz_50ms_0.25amp.wav,,23117,625,True,d,2025-08-04_14-24-15,2025-08-04_14-24-22
alvin,al,block1,3,31,self_paced,600,self_paced,600,/Users/alvinm/Documents/Documents/Academic/Research/CognAC/cerebellum/time/tapping/stimuli/tapping_task_tone_900Hz_50ms_0.25amp.wav,,23807,690,True,d,2025-08-04_14-24-15,2025-08-04_14-24-22
alvin,al,block1,3,32,self_paced,600,self_paced,600,/Users/alvinm/Documents/Documents/Academic/Research/CognAC/cerebellum/time/tapping/stimuli/tapping_task_tone_900Hz_50ms_0.25amp.wav,,24425,618,True,d,2025-08-04_14-24-15,2025-08-04_14-24-22
alvin,al,block1,3,33,self_paced,600,self_paced,600,/Users/alvinm/Documents/Documents/Academic/Research/CognAC/cerebellum/time/tapping/stimuli/tapping_task_tone_900Hz_50ms_0.25amp.wav,,25026,601,True,d,2025-08-04_14-24-15,2025-08-04_14-24-22
alvin,al,block1,3,34,self_paced,600,self_paced,600,/Users/alvinm/Documents/Documents/Academic/Research/CognAC/cerebellum/time/tapping/stimuli/tapping_task_tone_900Hz_50ms_0.25amp.wav,,25591,565,True,d,2025-08-04_14-24-15,2025-08-04_14-24-22
alvin,al,block1,4,35,synchronized,600,synchronized,600,/Users/alvinm/Documents/Documents/Academic/Research/CognAC/cerebellum/time/tapping/stimuli/tapping_task_tone_900Hz_50ms_0.25amp.wav,26605,26606,,False,d,2025-08-04_14-24-22,2025-08-04_14-24-29
alvin,al,block1,4,36,synchronized,600,synchronized,600,/Users/alvinm/Documents/Documents/Academic/Research/CognAC/cerebellum/time/tapping/stimuli/tapping_task_tone_900Hz_50ms_0.25amp.wav,27205,27305,699,False,d,2025-08-04_14-24-22,2025-08-04_14-24-29
alvin,al,block1,4,37,synchronized,600,synchronized,600,/Users/alvinm/Documents/Documents/Academic/Research/CognAC/cerebellum/time/tapping/stimuli/tapping_task_tone_900Hz_50ms_0.25amp.wav,27805,27872,567,False,d,2025-08-04_14-24-22,2025-08-04_14-24-29
alvin,al,block1,4,38,synchronized,600,synchronized,600,/Users/alvinm/Documents/Documents/Academic/Research/CognAC/cerebellum/time/tapping/stimuli/tapping_task_tone_900Hz_50ms_0.25amp.wav,28405,28489,617,False,d,2025-08-04_14-24-22,2025-08-04_14-24-29
alvin,al,block1,4,39,synchronized,600,synchronized,600,/Users/alvinm/Documents/Documents/Academic/Research/CognAC/cerebellum/time/tapping/stimuli/tapping_task_tone_900Hz_50ms_0.25amp.wav,29005,29019,530,False,d,2025-08-04_14-24-22,2025-08-04_14-24-29
alvin,al,block1,4,40,self_paced,600,self_paced,600,/Users/alvinm/Documents/Documents/Academic/Research/CognAC/cerebellum/time/tapping/stimuli/tapping_task_tone_900Hz_50ms_0.25amp.wav,,30147,1128,False,d,2025-08-04_14-24-22,2025-08-04_14-24-29
alvin,al,block1,4,41,self_paced,600,self_paced,600,/Users/alvinm/Documents/Documents/Academic/Research/CognAC/cerebellum/time/tapping/stimuli/tapping_task_tone_900Hz_50ms_0.25amp.wav,,30774,627,False,d,2025-08-04_14-24-22,2025-08-04_14-24-29
alvin,al,block1,4,42,self_paced,600,self_paced,600,/Users/alvinm/Documents/Documents/Academic/Research/CognAC/cerebellum/time/tapping/stimuli/tapping_task_tone_900Hz_50ms_0.25amp.wav,,31380,606,False,d,2025-08-04_14-24-22,2025-08-04_14-24-29
alvin,al,block1,4,43,self_paced,600,self_paced,600,/Users/alvinm/Documents/Documents/Academic/Research/CognAC/cerebellum/time/tapping/stimuli/tapping_task_tone_900Hz_50ms_0.25amp.wav,,31992,612,False,d,2025-08-04_14-24-22,2025-08-04_14-24-29
alvin,al,block1,4,44,self_paced,600,self_paced,600,/Users/alvinm/Documents/Documents/Academic/Research/CognAC/cerebellum/time/tapping/stimuli/tapping_task_tone_900Hz_50ms_0.25amp.wav,,32584,592,False,d,2025-08-04_14-24-22,2025-08-04_14-24-29
alvin,al,block1,5,45,synchronized,600,synchronized,600,/Users/alvinm/Documents/Documents/Academic/Research/CognAC/cerebellum/time/tapping/stimuli/tapping_task_tone_900Hz_50ms_0.25amp.wav,33598,33600,,True,d,2025-08-04_14-24-29,2025-08-04_14-24-37
alvin,al,block1,5,46,synchronized,600,synchronized,600,/Users/alvinm/Documents/Documents/Academic/Research/CognAC/cerebellum/time/tapping/stimuli/tapping_task_tone_900Hz_50ms_0.25amp.wav,34198,34684,1084,True,d,2025-08-04_14-24-29,2025-08-04_14-24-37
alvin,al,block1,5,47,synchronized,600,synchronized,600,/Users/alvinm/Documents/Documents/Academic/Research/CognAC/cerebellum/time/tapping/stimuli/tapping_task_tone_900Hz_50ms_0.25amp.wav,34798,35365,681,True,d,2025-08-04_14-24-29,2025-08-04_14-24-37
alvin,al,block1,5,48,synchronized,600,synchronized,600,/Users/alvinm/Documents/Documents/Academic/Research/CognAC/cerebellum/time/tapping/stimuli/tapping_task_tone_900Hz_50ms_0.25amp.wav,35398,35976,611,True,d,2025-08-04_14-24-29,2025-08-04_14-24-37
alvin,al,block1,5,49,synchronized,600,synchronized,600,/Users/alvinm/Documents/Documents/Academic/Research/CognAC/cerebellum/time/tapping/stimuli/tapping_task_tone_900Hz_50ms_0.25amp.wav,35998,,,True,d,2025-08-04_14-24-29,2025-08-04_14-24-37
alvin,al,block1,5,50,synchronized,600,synchronized,600,/Users/alvinm/Documents/Documents/Academic/Research/CognAC/cerebellum/time/tapping/stimuli/tapping_task_tone_900Hz_50ms_0.25amp.wav,36598,36611,,True,d,2025-08-04_14-24-29,2025-08-04_14-24-37
alvin,al,block1,5,51,self_paced,600,self_paced,600,/Users/alvinm/Documents/Documents/Academic/Research/CognAC/cerebellum/time/tapping/stimuli/tapping_task_tone_900Hz_50ms_0.25amp.wav,,37270,659,True,d,2025-08-04_14-24-29,2025-08-04_14-24-37
alvin,al,block1,5,52,self_paced,600,self_paced,600,/Users/alvinm/Documents/Documents/Academic/Research/CognAC/cerebellum/time/tapping/stimuli/tapping_task_tone_900Hz_50ms_0.25amp.wav,,37909,639,True,d,2025-08-04_14-24-29,2025-08-04_14-24-37
alvin,al,block1,5,53,self_paced,600,self_paced,600,/Users/alvinm/Documents/Documents/Academic/Research/CognAC/cerebellum/time/tapping/stimuli/tapping_task_tone_900Hz_50ms_0.25amp.wav,,38526,617,True,d,2025-08-04_14-24-29,2025-08-04_14-24-37
alvin,al,block1,5,54,self_paced,600,self_paced,600,/Users/alvinm/Documents/Documents/Academic/Research/CognAC/cerebellum/time/tapping/stimuli/tapping_task_tone_900Hz_50ms_0.25amp.wav,,39136,610,True,d,2025-08-04_14-24-29,2025-08-04_14-24-37
alvin,al,block1,5,55,self_paced,600,self_paced,600,/Users/alvinm/Documents/Documents/Academic/Research/CognAC/cerebellum/time/tapping/stimuli/tapping_task_tone_900Hz_50ms_0.25amp.wav,,39740,604,True,d,2025-08-04_14-24-29,2025-08-04_14-24-37
alvin,al,block2,6,56,synchronized,600,synchronized,600,/Users/alvinm/Documents/Documents/Academic/Research/CognAC/cerebellum/time/tapping/stimuli/tapping_task_tone_900Hz_50ms_0.25amp.wav,43595,43693,,True,d,2025-08-04_14-24-39,2025-08-04_14-24-46
alvin,al,block2,6,57,synchronized,600,synchronized,600,/Users/alvinm/Documents/Documents/Academic/Research/CognAC/cerebellum/time/tapping/stimuli/tapping_task_tone_900Hz_50ms_0.25amp.wav,44195,44742,1049,True,d,2025-08-04_14-24-39,2025-08-04_14-24-46
alvin,al,block2,6,58,synchronized,600,synchronized,600,/Users/alvinm/Documents/Documents/Academic/Research/CognAC/cerebellum/time/tapping/stimuli/tapping_task_tone_900Hz_50ms_0.25amp.wav,44795,45358,616,True,d,2025-08-04_14-24-39,2025-08-04_14-24-46
alvin,al,block2,6,59,synchronized,600,synchronized,600,/Users/alvinm/Documents/Documents/Academic/Research/CognAC/cerebellum/time/tapping/stimuli/tapping_task_tone_900Hz_50ms_0.25amp.wav,45395,45968,610,True,d,2025-08-04_14-24-39,2025-08-04_14-24-46
alvin,al,block2,6,60,synchronized,600,synchronized,600,/Users/alvinm/Documents/Documents/Academic/Research/CognAC/cerebellum/time/tapping/stimuli/tapping_task_tone_900Hz_50ms_0.25amp.wav,45995,,,True,d,2025-08-04_14-24-39,2025-08-04_14-24-46
alvin,al,block2,6,61,synchronized,600,synchronized,600,/Users/alvinm/Documents/Documents/Academic/Research/CognAC/cerebellum/time/tapping/stimuli/tapping_task_tone_900Hz_50ms_0.25amp.wav,46595,46616,,True,d,2025-08-04_14-24-39,2025-08-04_14-24-46
alvin,al,block2,6,62,self_paced,600,self_paced,600,/Users/alvinm/Documents/Documents/Academic/Research/CognAC/cerebellum/time/tapping/stimuli/tapping_task_tone_900Hz_50ms_0.25amp.wav,,47263,647,True,d,2025-08-04_14-24-39,2025-08-04_14-24-46
alvin,al,block2,6,63,self_paced,600,self_paced,600,/Users/alvinm/Documents/Documents/Academic/Research/CognAC/cerebellum/time/tapping/stimuli/tapping_task_tone_900Hz_50ms_0.25amp.wav,,47850,587,True,d,2025-08-04_14-24-39,2025-08-04_14-24-46
alvin,al,block2,6,64,self_paced,600,self_paced,600,/Users/alvinm/Documents/Documents/Academic/Research/CognAC/cerebellum/time/tapping/stimuli/tapping_task_tone_900Hz_50ms_0.25amp.wav,,48448,598,True,d,2025-08-04_14-24-39,2025-08-04_14-24-46
alvin,al,block2,6,65,self_paced,600,self_paced,600,/Users/alvinm/Documents/Documents/Academic/Research/CognAC/cerebellum/time/tapping/stimuli/tapping_task_tone_900Hz_50ms_0.25amp.wav,,48989,541,True,d,2025-08-04_14-24-39,2025-08-04_14-24-46
alvin,al,block2,6,66,self_paced,600,self_paced,600,/Users/alvinm/Documents/Documents/Academic/Research/CognAC/cerebellum/time/tapping/stimuli/tapping_task_tone_900Hz_50ms_0.25amp.wav,,49600,611,True,d,2025-08-04_14-24-39,2025-08-04_14-24-46
alvin,al,block2,7,67,synchronized,600,synchronized,600,/Users/alvinm/Documents/Documents/Academic/Research/CognAC/cerebellum/time/tapping/stimuli/tapping_task_tone_900Hz_50ms_0.25amp.wav,50613,50614,,True,d,2025-08-04_14-24-46,2025-08-04_14-24-53
alvin,al,block2,7,68,synchronized,600,synchronized,600,/Users/alvinm/Documents/Documents/Academic/Research/CognAC/cerebellum/time/tapping/stimuli/tapping_task_tone_900Hz_50ms_0.25amp.wav,51213,51278,664,True,d,2025-08-04_14-24-46,2025-08-04_14-24-53
alvin,al,block2,7,69,synchronized,600,synchronized,600,/Users/alvinm/Documents/Documents/Academic/Research/CognAC/cerebellum/time/tapping/stimuli/tapping_task_tone_900Hz_50ms_0.25amp.wav,51813,51928,650,True,d,2025-08-04_14-24-46,2025-08-04_14-24-53
alvin,al,block2,7,70,synchronized,600,synchronized,600,/Users/alvinm/Documents/Documents/Academic/Research/CognAC/cerebellum/time/tapping/stimuli/tapping_task_tone_900Hz_50ms_0.25amp.wav,52413,52491,563,True,d,2025-08-04_14-24-46,2025-08-04_14-24-53
alvin,al,block2,7,71,synchronized,600,synchronized,600,/Users/alvinm/Documents/Documents/Academic/Research/CognAC/cerebellum/time/tapping/stimuli/tapping_task_tone_900Hz_50ms_0.25amp.wav,53013,53058,567,True,d,2025-08-04_14-24-46,2025-08-04_14-24-53
alvin,al,block2,7,72,self_paced,600,self_paced,600,/Users/alvinm/Documents/Documents/Academic/Research/CognAC/cerebellum/time/tapping/stimuli/tapping_task_tone_900Hz_50ms_0.25amp.wav,,53628,570,True,d,2025-08-04_14-24-46,2025-08-04_14-24-53
alvin,al,block2,7,73,self_paced,600,self_paced,600,/Users/alvinm/Documents/Documents/Academic/Research/CognAC/cerebellum/time/tapping/stimuli/tapping_task_tone_900Hz_50ms_0.25amp.wav,,54221,593,True,d,2025-08-04_14-24-46,2025-08-04_14-24-53
alvin,al,block2,7,74,self_paced,600,self_paced,600,/Users/alvinm/Documents/Documents/Academic/Research/CognAC/cerebellum/time/tapping/stimuli/tapping_task_tone_900Hz_50ms_0.25amp.wav,,54826,605,True,d,2025-08-04_14-24-46,2025-08-04_14-24-53
alvin,al,block2,7,75,self_paced,600,self_paced,600,/Users/alvinm/Documents/Documents/Academic/Research/CognAC/cerebellum/time/tapping/stimuli/tapping_task_tone_900Hz_50ms_0.25amp.wav,,55377,551,True,d,2025-08-04_14-24-46,2025-08-04_14-24-53
alvin,al,block2,7,76,self_paced,600,self_paced,600,/Users/alvinm/Documents/Documents/Academic/Research/CognAC/cerebellum/time/tapping/stimuli/tapping_task_tone_900Hz_50ms_0.25amp.wav,,55948,571,True,d,2025-08-04_14-24-46,2025-08-04_14-24-53
alvin,al,block2,8,77,synchronized,600,synchronized,600,/Users/alvinm/Documents/Documents/Academic/Research/CognAC/cerebellum/time/tapping/stimuli/tapping_task_tone_900Hz_50ms_0.25amp.wav,56962,56963,,True,d,2025-08-04_14-24-53,2025-08-04_14-25-00
alvin,al,block2,8,78,synchronized,600,synchronized,600,/Users/alvinm/Documents/Documents/Academic/Research/CognAC/cerebellum/time/tapping/stimuli/tapping_task_tone_900Hz_50ms_0.25amp.wav,57562,57620,657,True,d,2025-08-04_14-24-53,2025-08-04_14-25-00
alvin,al,block2,8,79,synchronized,600,synchronized,600,/Users/alvinm/Documents/Documents/Academic/Research/CognAC/cerebellum/time/tapping/stimuli/tapping_task_tone_900Hz_50ms_0.25amp.wav,58162,58722,1102,True,d,2025-08-04_14-24-53,2025-08-04_14-25-00
alvin,al,block2,8,80,synchronized,600,synchronized,600,/Users/alvinm/Documents/Documents/Academic/Research/CognAC/cerebellum/time/tapping/stimuli/tapping_task_tone_900Hz_50ms_0.25amp.wav,58762,59277,555,True,d,2025-08-04_14-24-53,2025-08-04_14-25-00
alvin,al,block2,8,81,synchronized,600,synchronized,600,/Users/alvinm/Documents/Documents/Academic/Research/CognAC/cerebellum/time/tapping/stimuli/tapping_task_tone_900Hz_50ms_0.25amp.wav,59362,59937,660,True,d,2025-08-04_14-24-53,2025-08-04_14-25-00
alvin,al,block2,8,82,self_paced,600,self_paced,600,/Users/alvinm/Documents/Documents/Academic/Research/CognAC/cerebellum/time/tapping/stimuli/tapping_task_tone_900Hz_50ms_0.25amp.wav,,60499,562,True,d,2025-08-04_14-24-53,2025-08-04_14-25-00
alvin,al,block2,8,83,self_paced,600,self_paced,600,/Users/alvinm/Documents/Documents/Academic/Research/CognAC/cerebellum/time/tapping/stimuli/tapping_task_tone_900Hz_50ms_0.25amp.wav,,61106,607,True,d,2025-08-04_14-24-53,2025-08-04_14-25-00
alvin,al,block2,8,84,self_paced,600,self_paced,600,/Users/alvinm/Documents/Documents/Academic/Research/CognAC/cerebellum/time/tapping/stimuli/tapping_task_tone_900Hz_50ms_0.25amp.wav,,61710,604,True,d,2025-08-04_14-24-53,2025-08-04_14-25-00
alvin,al,block2,8,85,self_paced,600,self_paced,600,/Users/alvinm/Documents/Documents/Academic/Research/CognAC/cerebellum/time/tapping/stimuli/tapping_task_tone_900Hz_50ms_0.25amp.wav,,62246,536,True,d,2025-08-04_14-24-53,2025-08-04_14-25-00
alvin,al,block2,8,86,self_paced,600,self_paced,600,/Users/alvinm/Documents/Documents/Academic/Research/CognAC/cerebellum/time/tapping/stimuli/tapping_task_tone_900Hz_50ms_0.25amp.wav,,62862,616,True,d,2025-08-04_14-24-53,2025-08-04_14-25-00
alvin,al,practice2,9,87,synchronized,600,synchronized,600,/Users/alvinm/Documents/Documents/Academic/Research/CognAC/cerebellum/time/tapping/stimuli/tapping_task_tone_900Hz_50ms_0.25amp.wav,67321,67323,,True,107,2025-08-04_14-25-03,2025-08-04_14-25-10
alvin,al,practice2,9,88,synchronized,600,synchronized,600,/Users/alvinm/Documents/Documents/Academic/Research/CognAC/cerebellum/time/tapping/stimuli/tapping_task_tone_900Hz_50ms_0.25amp.wav,67921,,,True,107,2025-08-04_14-25-03,2025-08-04_14-25-10
alvin,al,practice2,9,89,synchronized,600,synchronized,600,/Users/alvinm/Documents/Documents/Academic/Research/CognAC/cerebellum/time/tapping/stimuli/tapping_task_tone_900Hz_50ms_0.25amp.wav,68521,68588,,True,107,2025-08-04_14-25-03,2025-08-04_14-25-10
alvin,al,practice2,9,90,synchronized,600,synchronized,600,/Users/alvinm/Documents/Documents/Academic/Research/CognAC/cerebellum/time/tapping/stimuli/tapping_task_tone_900Hz_50ms_0.25amp.wav,69121,69144,556,True,107,2025-08-04_14-25-03,2025-08-04_14-25-10
alvin,al,practice2,9,91,synchronized,600,synchronized,600,/Users/alvinm/Documents/Documents/Academic/Research/CognAC/cerebellum/time/tapping/stimuli/tapping_task_tone_900Hz_50ms_0.25amp.wav,69721,70293,1149,True,107,2025-08-04_14-25-03,2025-08-04_14-25-10
alvin,al,practice2,9,92,synchronized,600,synchronized,600,/Users/alvinm/Documents/Documents/Academic/Research/CognAC/cerebellum/time/tapping/stimuli/tapping_task_tone_900Hz_50ms_0.25amp.wav,70321,,,True,107,2025-08-04_14-25-03,2025-08-04_14-25-10
alvin,al,practice2,9,93,synchronized,600,synchronized,600,/Users/alvinm/Documents/Documents/Academic/Research/CognAC/cerebellum/time/tapping/stimuli/tapping_task_tone_900Hz_50ms_0.25amp.wav,70921,70941,,True,107,2025-08-04_14-25-03,2025-08-04_14-25-10
alvin,al,practice2,9,94,self_paced,600,self_paced,600,/Users/alvinm/Documents/Documents/Academic/Research/CognAC/cerebellum/time/tapping/stimuli/tapping_task_tone_900Hz_50ms_0.25amp.wav,,71563,622,True,107,2025-08-04_14-25-03,2025-08-04_14-25-10
alvin,al,practice2,9,95,self_paced,600,self_paced,600,/Users/alvinm/Documents/Documents/Academic/Research/CognAC/cerebellum/time/tapping/stimuli/tapping_task_tone_900Hz_50ms_0.25amp.wav,,72186,623,True,107,2025-08-04_14-25-03,2025-08-04_14-25-10
alvin,al,practice2,9,96,self_paced,600,self_paced,600,/Users/alvinm/Documents/Documents/Academic/Research/CognAC/cerebellum/time/tapping/stimuli/tapping_task_tone_900Hz_50ms_0.25amp.wav,,72599,413,True,107,2025-08-04_14-25-03,2025-08-04_14-25-10
alvin,al,practice2,9,97,self_paced,600,self_paced,600,/Users/alvinm/Documents/Documents/Academic/Research/CognAC/cerebellum/time/tapping/stimuli/tapping_task_tone_900Hz_50ms_0.25amp.wav,,73181,582,True,107,2025-08-04_14-25-03,2025-08-04_14-25-10
alvin,al,practice2,9,98,self_paced,600,self_paced,600,/Users/alvinm/Documents/Documents/Academic/Research/CognAC/cerebellum/time/tapping/stimuli/tapping_task_tone_900Hz_50ms_0.25amp.wav,,73511,330,True,107,2025-08-04_14-25-03,2025-08-04_14-25-10
alvin,al,practice2,10,99,synchronized,600,synchronized,600,/Users/alvinm/Documents/Documents/Academic/Research/CognAC/cerebellum/time/tapping/stimuli/tapping_task_tone_900Hz_50ms_0.25amp.wav,74525,74528,,False,107,2025-08-04_14-25-10,2025-08-04_14-25-16
alvin,al,practice2,10,100,synchronized,600,synchronized,600,/Users/alvinm/Documents/Documents/Academic/Research/CognAC/cerebellum/time/tapping/stimuli/tapping_task_tone_900Hz_50ms_0.25amp.wav,75125,75206,678,False,107,2025-08-04_14-25-10,2025-08-04_14-25-16
alvin,al,practice2,10,101,synchronized,600,synchronized,600,/Users/alvinm/Documents/Documents/Academic/Research/CognAC/cerebellum/time/tapping/stimuli/tapping_task_tone_900Hz_50ms_0.25amp.wav,75725,76011,805,False,107,2025-08-04_14-25-10,2025-08-04_14-25-16
alvin,al,practice2,10,102,synchronized,600,synchronized,600,/Users/alvinm/Documents/Documents/Academic/Research/CognAC/cerebellum/time/tapping/stimuli/tapping_task_tone_900Hz_50ms_0.25amp.wav,76325,76340,329,False,107,2025-08-04_14-25-10,2025-08-04_14-25-16
alvin,al,practice2,10,103,synchronized,600,synchronized,600,/Users/alvinm/Documents/Documents/Academic/Research/CognAC/cerebellum/time/tapping/stimuli/tapping_task_tone_900Hz_50ms_0.25amp.wav,76925,77199,859,False,107,2025-08-04_14-25-10,2025-08-04_14-25-16
alvin,al,practice2,10,104,self_paced,600,self_paced,600,/Users/alvinm/Documents/Documents/Academic/Research/CognAC/cerebellum/time/tapping/stimuli/tapping_task_tone_900Hz_50ms_0.25amp.wav,,77956,757,False,107,2025-08-04_14-25-10,2025-08-04_14-25-16
alvin,al,practice2,10,105,self_paced,600,self_paced,600,/Users/alvinm/Documents/Documents/Academic/Research/CognAC/cerebellum/time/tapping/stimuli/tapping_task_tone_900Hz_50ms_0.25amp.wav,,78229,273,False,107,2025-08-04_14-25-10,2025-08-04_14-25-16
alvin,al,practice2,10,106,self_paced,600,self_paced,600,/Users/alvinm/Documents/Documents/Academic/Research/CognAC/cerebellum/time/tapping/stimuli/tapping_task_tone_900Hz_50ms_0.25amp.wav,,78467,238,False,107,2025-08-04_14-25-10,2025-08-04_14-25-16
alvin,al,practice2,10,107,self_paced,600,self_paced,600,/Users/alvinm/Documents/Documents/Academic/Research/CognAC/cerebellum/time/tapping/stimuli/tapping_task_tone_900Hz_50ms_0.25amp.wav,,78709,242,False,107,2025-08-04_14-25-10,2025-08-04_14-25-16
alvin,al,practice2,10,108,self_paced,600,self_paced,600,/Users/alvinm/Documents/Documents/Academic/Research/CognAC/cerebellum/time/tapping/stimuli/tapping_task_tone_900Hz_50ms_0.25amp.wav,,78970,261,False,107,2025-08-04_14-25-10,2025-08-04_14-25-16
alvin,al,block3,11,109,synchronized,600,synchronized,600,/Users/alvinm/Documents/Documents/Academic/Research/CognAC/cerebellum/time/tapping/stimuli/tapping_task_tone_900Hz_50ms_0.25amp.wav,81535,81536,,True,107,2025-08-04_14-25-17,2025-08-04_14-25-24
alvin,al,block3,11,110,synchronized,600,synchronized,600,/Users/alvinm/Documents/Documents/Academic/Research/CognAC/cerebellum/time/tapping/stimuli/tapping_task_tone_900Hz_50ms_0.25amp.wav,82135,82511,975,True,107,2025-08-04_14-25-17,2025-08-04_14-25-24
alvin,al,block3,11,111,synchronized,600,synchronized,600,/Users/alvinm/Documents/Documents/Academic/Research/CognAC/cerebellum/time/tapping/stimuli/tapping_task_tone_900Hz_50ms_0.25amp.wav,82735,83197,686,True,107,2025-08-04_14-25-17,2025-08-04_14-25-24
alvin,al,block3,11,112,synchronized,600,synchronized,600,/Users/alvinm/Documents/Documents/Academic/Research/CognAC/cerebellum/time/tapping/stimuli/tapping_task_tone_900Hz_50ms_0.25amp.wav,83335,83714,517,True,107,2025-08-04_14-25-17,2025-08-04_14-25-24
alvin,al,block3,11,113,synchronized,600,synchronized,600,/Users/alvinm/Documents/Documents/Academic/Research/CognAC/cerebellum/time/tapping/stimuli/tapping_task_tone_900Hz_50ms_0.25amp.wav,83935,84489,775,True,107,2025-08-04_14-25-17,2025-08-04_14-25-24
alvin,al,block3,11,114,self_paced,600,self_paced,600,/Users/alvinm/Documents/Documents/Academic/Research/CognAC/cerebellum/time/tapping/stimuli/tapping_task_tone_900Hz_50ms_0.25amp.wav,,85030,541,True,107,2025-08-04_14-25-17,2025-08-04_14-25-24
alvin,al,block3,11,115,self_paced,600,self_paced,600,/Users/alvinm/Documents/Documents/Academic/Research/CognAC/cerebellum/time/tapping/stimuli/tapping_task_tone_900Hz_50ms_0.25amp.wav,,85588,558,True,107,2025-08-04_14-25-17,2025-08-04_14-25-24
alvin,al,block3,11,116,self_paced,600,self_paced,600,/Users/alvinm/Documents/Documents/Academic/Research/CognAC/cerebellum/time/tapping/stimuli/tapping_task_tone_900Hz_50ms_0.25amp.wav,,86208,620,True,107,2025-08-04_14-25-17,2025-08-04_14-25-24
alvin,al,block3,11,117,self_paced,600,self_paced,600,/Users/alvinm/Documents/Documents/Academic/Research/CognAC/cerebellum/time/tapping/stimuli/tapping_task_tone_900Hz_50ms_0.25amp.wav,,86727,519,True,107,2025-08-04_14-25-17,2025-08-04_14-25-24
alvin,al,block3,11,118,self_paced,600,self_paced,600,/Users/alvinm/Documents/Documents/Academic/Research/CognAC/cerebellum/time/tapping/stimuli/tapping_task_tone_900Hz_50ms_0.25amp.wav,,87262,535,True,107,2025-08-04_14-25-17,2025-08-04_14-25-24
alvin,al,block3,12,119,synchronized,600,synchronized,600,/Users/alvinm/Documents/Documents/Academic/Research/CognAC/cerebellum/time/tapping/stimuli/tapping_task_tone_900Hz_50ms_0.25amp.wav,88276,88277,,False,107,2025-08-04_14-25-24,2025-08-04_14-25-30
alvin,al,block3,12,120,synchronized,600,synchronized,600,/Users/alvinm/Documents/Documents/Academic/Research/CognAC/cerebellum/time/tapping/stimuli/tapping_task_tone_900Hz_50ms_0.25amp.wav,88876,89234,957,False,107,2025-08-04_14-25-24,2025-08-04_14-25-30
alvin,al,block3,12,121,synchronized,600,synchronized,600,/Users/alvinm/Documents/Documents/Academic/Research/CognAC/cerebellum/time/tapping/stimuli/tapping_task_tone_900Hz_50ms_0.25amp.wav,89476,89739,505,False,107,2025-08-04_14-25-24,2025-08-04_14-25-30
alvin,al,block3,12,122,synchronized,600,synchronized,600,/Users/alvinm/Documents/Documents/Academic/Research/CognAC/cerebellum/time/tapping/stimuli/tapping_task_tone_900Hz_50ms_0.25amp.wav,90076,90434,695,False,107,2025-08-04_14-25-24,2025-08-04_14-25-30
alvin,al,block3,12,123,synchronized,600,synchronized,600,/Users/alvinm/Documents/Documents/Academic/Research/CognAC/cerebellum/time/tapping/stimuli/tapping_task_tone_900Hz_50ms_0.25amp.wav,90676,91032,598,False,107,2025-08-04_14-25-24,2025-08-04_14-25-30
alvin,al,block3,12,124,self_paced,600,self_paced,600,/Users/alvinm/Documents/Documents/Academic/Research/CognAC/cerebellum/time/tapping/stimuli/tapping_task_tone_900Hz_50ms_0.25amp.wav,,91666,634,False,107,2025-08-04_14-25-24,2025-08-04_14-25-30
alvin,al,block3,12,125,self_paced,600,self_paced,600,/Users/alvinm/Documents/Documents/Academic/Research/CognAC/cerebellum/time/tapping/stimuli/tapping_task_tone_900Hz_50ms_0.25amp.wav,,92155,489,False,107,2025-08-04_14-25-24,2025-08-04_14-25-30
alvin,al,block3,12,126,self_paced,600,self_paced,600,/Users/alvinm/Documents/Documents/Academic/Research/CognAC/cerebellum/time/tapping/stimuli/tapping_task_tone_900Hz_50ms_0.25amp.wav,,92531,376,False,107,2025-08-04_14-25-24,2025-08-04_14-25-30
alvin,al,block3,12,127,self_paced,600,self_paced,600,/Users/alvinm/Documents/Documents/Academic/Research/CognAC/cerebellum/time/tapping/stimuli/tapping_task_tone_900Hz_50ms_0.25amp.wav,,92772,241,False,107,2025-08-04_14-25-24,2025-08-04_14-25-30
alvin,al,block3,12,128,self_paced,600,self_paced,600,/Users/alvinm/Documents/Documents/Academic/Research/CognAC/cerebellum/time/tapping/stimuli/tapping_task_tone_900Hz_50ms_0.25amp.wav,,93002,230,False,107,2025-08-04_14-25-24,2025-08-04_14-25-30
alvin,al,block3,13,129,synchronized,600,synchronized,600,/Users/alvinm/Documents/Documents/Academic/Research/CognAC/cerebellum/time/tapping/stimuli/tapping_task_tone_900Hz_50ms_0.25amp.wav,94015,94018,,True,107,2025-08-04_14-25-30,2025-08-04_14-25-36
alvin,al,block3,13,130,synchronized,600,synchronized,600,/Users/alvinm/Documents/Documents/Academic/Research/CognAC/cerebellum/time/tapping/stimuli/tapping_task_tone_900Hz_50ms_0.25amp.wav,94615,95205,1187,True,107,2025-08-04_14-25-30,2025-08-04_14-25-36
alvin,al,block3,13,131,synchronized,600,synchronized,600,/Users/alvinm/Documents/Documents/Academic/Research/CognAC/cerebellum/time/tapping/stimuli/tapping_task_tone_900Hz_50ms_0.25amp.wav,95215,,,True,107,2025-08-04_14-25-30,2025-08-04_14-25-36
alvin,al,block3,13,132,synchronized,600,synchronized,600,/Users/alvinm/Documents/Documents/Academic/Research/CognAC/cerebellum/time/tapping/stimuli/tapping_task_tone_900Hz_50ms_0.25amp.wav,95815,95890,,True,107,2025-08-04_14-25-30,2025-08-04_14-25-36
alvin,al,block3,13,133,synchronized,600,synchronized,600,/Users/alvinm/Documents/Documents/Academic/Research/CognAC/cerebellum/time/tapping/stimuli/tapping_task_tone_900Hz_50ms_0.25amp.wav,96415,97006,1116,True,107,2025-08-04_14-25-30,2025-08-04_14-25-36
alvin,al,block3,13,134,synchronized,600,synchronized,600,/Users/alvinm/Documents/Documents/Academic/Research/CognAC/cerebellum/time/tapping/stimuli/tapping_task_tone_900Hz_50ms_0.25amp.wav,97015,97598,592,True,107,2025-08-04_14-25-30,2025-08-04_14-25-36
alvin,al,block3,13,135,self_paced,600,self_paced,600,/Users/alvinm/Documents/Documents/Academic/Research/CognAC/cerebellum/time/tapping/stimuli/tapping_task_tone_900Hz_50ms_0.25amp.wav,,97957,359,True,107,2025-08-04_14-25-30,2025-08-04_14-25-36
alvin,al,block3,13,136,self_paced,600,self_paced,600,/Users/alvinm/Documents/Documents/Academic/Research/CognAC/cerebellum/time/tapping/stimuli/tapping_task_tone_900Hz_50ms_0.25amp.wav,,98296,339,True,107,2025-08-04_14-25-30,2025-08-04_14-25-36
alvin,al,block3,13,137,self_paced,600,self_paced,600,/Users/alvinm/Documents/Documents/Academic/Research/CognAC/cerebellum/time/tapping/stimuli/tapping_task_tone_900Hz_50ms_0.25amp.wav,,98694,398,True,107,2025-08-04_14-25-30,2025-08-04_14-25-36
alvin,al,block3,13,138,self_paced,600,self_paced,600,/Users/alvinm/Documents/Documents/Academic/Research/CognAC/cerebellum/time/tapping/stimuli/tapping_task_tone_900Hz_50ms_0.25amp.wav,,99154,460,True,107,2025-08-04_14-25-30,2025-08-04_14-25-36
alvin,al,block3,13,139,self_paced,600,self_paced,600,/Users/alvinm/Documents/Documents/Academic/Research/CognAC/cerebellum/time/tapping/stimuli/tapping_task_tone_900Hz_50ms_0.25amp.wav,,99566,412,True,107,2025-08-04_14-25-30,2025-08-04_14-25-36
alvin,al,block4,14,140,synchronized,600,synchronized,600,/Users/alvinm/Documents/Documents/Academic/Research/CognAC/cerebellum/time/tapping/stimuli/tapping_task_tone_900Hz_50ms_0.25amp.wav,105417,105419,,False,107,2025-08-04_14-25-41,2025-08-04_14-25-47
alvin,al,block4,14,141,synchronized,600,synchronized,600,/Users/alvinm/Documents/Documents/Academic/Research/CognAC/cerebellum/time/tapping/stimuli/tapping_task_tone_900Hz_50ms_0.25amp.wav,106017,106464,1045,False,107,2025-08-04_14-25-41,2025-08-04_14-25-47
alvin,al,block4,14,142,synchronized,600,synchronized,600,/Users/alvinm/Documents/Documents/Academic/Research/CognAC/cerebellum/time/tapping/stimuli/tapping_task_tone_900Hz_50ms_0.25amp.wav,106617,106923,459,False,107,2025-08-04_14-25-41,2025-08-04_14-25-47
alvin,al,block4,14,143,synchronized,600,synchronized,600,/Users/alvinm/Documents/Documents/Academic/Research/CognAC/cerebellum/time/tapping/stimuli/tapping_task_tone_900Hz_50ms_0.25amp.wav,107217,107553,630,False,107,2025-08-04_14-25-41,2025-08-04_14-25-47
alvin,al,block4,14,144,synchronized,600,synchronized,600,/Users/alvinm/Documents/Documents/Academic/Research/CognAC/cerebellum/time/tapping/stimuli/tapping_task_tone_900Hz_50ms_0.25amp.wav,107817,108386,833,False,107,2025-08-04_14-25-41,2025-08-04_14-25-47
alvin,al,block4,14,145,self_paced,600,self_paced,600,/Users/alvinm/Documents/Documents/Academic/Research/CognAC/cerebellum/time/tapping/stimuli/tapping_task_tone_900Hz_50ms_0.25amp.wav,,108902,516,False,107,2025-08-04_14-25-41,2025-08-04_14-25-47
alvin,al,block4,14,146,self_paced,600,self_paced,600,/Users/alvinm/Documents/Documents/Academic/Research/CognAC/cerebellum/time/tapping/stimuli/tapping_task_tone_900Hz_50ms_0.25amp.wav,,109263,361,False,107,2025-08-04_14-25-41,2025-08-04_14-25-47
alvin,al,block4,14,147,self_paced,600,self_paced,600,/Users/alvinm/Documents/Documents/Academic/Research/CognAC/cerebellum/time/tapping/stimuli/tapping_task_tone_900Hz_50ms_0.25amp.wav,,109494,231,False,107,2025-08-04_14-25-41,2025-08-04_14-25-47
alvin,al,block4,14,148,self_paced,600,self_paced,600,/Users/alvinm/Documents/Documents/Academic/Research/CognAC/cerebellum/time/tapping/stimuli/tapping_task_tone_900Hz_50ms_0.25amp.wav,,109846,352,False,107,2025-08-04_14-25-41,2025-08-04_14-25-47
alvin,al,block4,14,149,self_paced,600,self_paced,600,/Users/alvinm/Documents/Documents/Academic/Research/CognAC/cerebellum/time/tapping/stimuli/tapping_task_tone_900Hz_50ms_0.25amp.wav,,110249,403,False,107,2025-08-04_14-25-41,2025-08-04_14-25-47
alvin,al,block4,15,150,synchronized,600,synchronized,600,/Users/alvinm/Documents/Documents/Academic/Research/CognAC/cerebellum/time/tapping/stimuli/tapping_task_tone_900Hz_50ms_0.25amp.wav,111263,111265,,False,107,2025-08-04_14-25-47,2025-08-04_14-25-53
alvin,al,block4,15,151,synchronized,600,synchronized,600,/Users/alvinm/Documents/Documents/Academic/Research/CognAC/cerebellum/time/tapping/stimuli/tapping_task_tone_900Hz_50ms_0.25amp.wav,111863,112382,1117,False,107,2025-08-04_14-25-47,2025-08-04_14-25-53
alvin,al,block4,15,152,synchronized,600,synchronized,600,/Users/alvinm/Documents/Documents/Academic/Research/CognAC/cerebellum/time/tapping/stimuli/tapping_task_tone_900Hz_50ms_0.25amp.wav,112463,112957,575,False,107,2025-08-04_14-25-47,2025-08-04_14-25-53
alvin,al,block4,15,153,synchronized,600,synchronized,600,/Users/alvinm/Documents/Documents/Academic/Research/CognAC/cerebellum/time/tapping/stimuli/tapping_task_tone_900Hz_50ms_0.25amp.wav,113063,113341,384,False,107,2025-08-04_14-25-47,2025-08-04_14-25-53
alvin,al,block4,15,154,synchronized,600,synchronized,600,/Users/alvinm/Documents/Documents/Academic/Research/CognAC/cerebellum/time/tapping/stimuli/tapping_task_tone_900Hz_50ms_0.25amp.wav,113663,113737,396,False,107,2025-08-04_14-25-47,2025-08-04_14-25-53
alvin,al,block4,15,155,self_paced,600,self_paced,600,/Users/alvinm/Documents/Documents/Academic/Research/CognAC/cerebellum/time/tapping/stimuli/tapping_task_tone_900Hz_50ms_0.25amp.wav,,114676,939,False,107,2025-08-04_14-25-47,2025-08-04_14-25-53
alvin,al,block4,15,156,self_paced,600,self_paced,600,/Users/alvinm/Documents/Documents/Academic/Research/CognAC/cerebellum/time/tapping/stimuli/tapping_task_tone_900Hz_50ms_0.25amp.wav,,115056,380,False,107,2025-08-04_14-25-47,2025-08-04_14-25-53
alvin,al,block4,15,157,self_paced,600,self_paced,600,/Users/alvinm/Documents/Documents/Academic/Research/CognAC/cerebellum/time/tapping/stimuli/tapping_task_tone_900Hz_50ms_0.25amp.wav,,115386,330,False,107,2025-08-04_14-25-47,2025-08-04_14-25-53
alvin,al,block4,15,158,self_paced,600,self_paced,600,/Users/alvinm/Documents/Documents/Academic/Research/CognAC/cerebellum/time/tapping/stimuli/tapping_task_tone_900Hz_50ms_0.25amp.wav,,115760,374,False,107,2025-08-04_14-25-47,2025-08-04_14-25-53
alvin,al,block4,15,159,self_paced,600,self_paced,600,/Users/alvinm/Documents/Documents/Academic/Research/CognAC/cerebellum/time/tapping/stimuli/tapping_task_tone_900Hz_50ms_0.25amp.wav,,116506,746,False,107,2025-08-04_14-25-47,2025-08-04_14-25-53
alvin,al,block4,16,160,synchronized,600,synchronized,600,/Users/alvinm/Documents/Documents/Academic/Research/CognAC/cerebellum/time/tapping/stimuli/tapping_task_tone_900Hz_50ms_0.25amp.wav,117519,117523,,False,107,2025-08-04_14-25-53,2025-08-04_14-25-58
alvin,al,block4,16,161,synchronized,600,synchronized,600,/Users/alvinm/Documents/Documents/Academic/Research/CognAC/cerebellum/time/tapping/stimuli/tapping_task_tone_900Hz_50ms_0.25amp.wav,118119,118148,625,False,107,2025-08-04_14-25-53,2025-08-04_14-25-58
alvin,al,block4,16,162,synchronized,600,synchronized,600,/Users/alvinm/Documents/Documents/Academic/Research/CognAC/cerebellum/time/tapping/stimuli/tapping_task_tone_900Hz_50ms_0.25amp.wav,118719,118734,586,False,107,2025-08-04_14-25-53,2025-08-04_14-25-58
alvin,al,block4,16,163,synchronized,600,synchronized,600,/Users/alvinm/Documents/Documents/Academic/Research/CognAC/cerebellum/time/tapping/stimuli/tapping_task_tone_900Hz_50ms_0.25amp.wav,119319,119567,833,False,107,2025-08-04_14-25-53,2025-08-04_14-25-58
alvin,al,block4,16,164,synchronized,600,synchronized,600,/Users/alvinm/Documents/Documents/Academic/Research/CognAC/cerebellum/time/tapping/stimuli/tapping_task_tone_900Hz_50ms_0.25amp.wav,119919,120103,536,False,107,2025-08-04_14-25-53,2025-08-04_14-25-58
alvin,al,block4,16,165,self_paced,600,self_paced,600,/Users/alvinm/Documents/Documents/Academic/Research/CognAC/cerebellum/time/tapping/stimuli/tapping_task_tone_900Hz_50ms_0.25amp.wav,,120621,518,False,107,2025-08-04_14-25-53,2025-08-04_14-25-58
alvin,al,block4,16,166,self_paced,600,self_paced,600,/Users/alvinm/Documents/Documents/Academic/Research/CognAC/cerebellum/time/tapping/stimuli/tapping_task_tone_900Hz_50ms_0.25amp.wav,,120893,272,False,107,2025-08-04_14-25-53,2025-08-04_14-25-58
alvin,al,block4,16,167,self_paced,600,self_paced,600,/Users/alvinm/Documents/Documents/Academic/Research/CognAC/cerebellum/time/tapping/stimuli/tapping_task_tone_900Hz_50ms_0.25amp.wav,,121157,264,False,107,2025-08-04_14-25-53,2025-08-04_14-25-58
alvin,al,block4,16,168,self_paced,600,self_paced,600,/Users/alvinm/Documents/Documents/Academic/Research/CognAC/cerebellum/time/tapping/stimuli/tapping_task_tone_900Hz_50ms_0.25amp.wav,,121419,262,False,107,2025-08-04_14-25-53,2025-08-04_14-25-58
alvin,al,block4,16,169,self_paced,600,self_paced,600,/Users/alvinm/Documents/Documents/Academic/Research/CognAC/cerebellum/time/tapping/stimuli/tapping_task_tone_900Hz_50ms_0.25amp.wav,,121605,186,False,107,2025-08-04_14-25-53,2025-08-04_14-25-58
