participant_id,group,block,trial,tap_num,type,pace_ms,condition,difficulty,stimuli_path,synchronized_sound_tick_ms,key_response_tick_ms,interval_ms,trial_type,key_response,key_correct,start_time,end_time
amanda502,am,practice1,1,1,synchronized,550,synchronized,550,/Users/amandachirino/Desktop/cerebellum/tapping/stimuli/tapping_task_tone_1000Hz_50ms_0.25amp.wav,7146,7629,,Unsuccessful,g,g,2025-10-09_22-25-07,2025-10-09_22-25-21
amanda502,am,practice1,1,2,synchronized,550,synchronized,550,/Users/amandachirino/Desktop/cerebellum/tapping/stimuli/tapping_task_tone_1000Hz_50ms_0.25amp.wav,7697,7697,68,Unsuccessful,g,g,2025-10-09_22-25-07,2025-10-09_22-25-21
amanda502,am,practice1,1,3,synchronized,550,synchronized,550,/Users/amandachirino/Desktop/cerebellum/tapping/stimuli/tapping_task_tone_1000Hz_50ms_0.25amp.wav,8248,8489,792,Unsuccessful,g,g,2025-10-09_22-25-07,2025-10-09_22-25-21
amanda502,am,practice1,1,4,synchronized,550,synchronized,550,/Users/amandachirino/Desktop/cerebellum/tapping/stimuli/tapping_task_tone_1000Hz_50ms_0.25amp.wav,8798,8869,380,Unsuccessful,g,g,2025-10-09_22-25-07,2025-10-09_22-25-21
amanda502,am,practice1,1,5,synchronized,550,synchronized,550,/Users/amandachirino/Desktop/cerebellum/tapping/stimuli/tapping_task_tone_1000Hz_50ms_0.25amp.wav,9348,9465,596,Unsuccessful,g,g,2025-10-09_22-25-07,2025-10-09_22-25-21
amanda502,am,practice1,1,6,synchronized,550,synchronized,550,/Users/amandachirino/Desktop/cerebellum/tapping/stimuli/tapping_task_tone_1000Hz_50ms_0.25amp.wav,9898,9967,502,Unsuccessful,g,g,2025-10-09_22-25-07,2025-10-09_22-25-21
amanda502,am,practice1,1,7,synchronized,550,synchronized,550,/Users/amandachirino/Desktop/cerebellum/tapping/stimuli/tapping_task_tone_1000Hz_50ms_0.25amp.wav,10449,10478,511,Unsuccessful,g,g,2025-10-09_22-25-07,2025-10-09_22-25-21
amanda502,am,practice1,1,8,synchronized,550,synchronized,550,/Users/amandachirino/Desktop/cerebellum/tapping/stimuli/tapping_task_tone_1000Hz_50ms_0.25amp.wav,10999,11040,562,Unsuccessful,g,g,2025-10-09_22-25-07,2025-10-09_22-25-21
amanda502,am,practice1,1,9,synchronized,550,synchronized,550,/Users/amandachirino/Desktop/cerebellum/tapping/stimuli/tapping_task_tone_1000Hz_50ms_0.25amp.wav,11550,11553,513,Unsuccessful,g,g,2025-10-09_22-25-07,2025-10-09_22-25-21
amanda502,am,practice1,1,10,synchronized,550,synchronized,550,/Users/amandachirino/Desktop/cerebellum/tapping/stimuli/tapping_task_tone_1000Hz_50ms_0.25amp.wav,12101,12101,548,Unsuccessful,g,g,2025-10-09_22-25-07,2025-10-09_22-25-21
amanda502,am,practice1,1,11,synchronized,550,synchronized,550,/Users/amandachirino/Desktop/cerebellum/tapping/stimuli/tapping_task_tone_1000Hz_50ms_0.25amp.wav,12651,12693,592,Unsuccessful,g,g,2025-10-09_22-25-07,2025-10-09_22-25-21
amanda502,am,practice1,1,12,synchronized,550,synchronized,550,/Users/amandachirino/Desktop/cerebellum/tapping/stimuli/tapping_task_tone_1000Hz_50ms_0.25amp.wav,13201,13201,508,Unsuccessful,g,g,2025-10-09_22-25-07,2025-10-09_22-25-21
amanda502,am,practice1,1,13,self_paced,550,self_paced,550,/Users/amandachirino/Desktop/cerebellum/tapping/stimuli/tapping_task_tone_1000Hz_50ms_0.25amp.wav,,14138,,Unsuccessful,g,g,2025-10-09_22-25-07,2025-10-09_22-25-21
amanda502,am,practice1,1,14,self_paced,550,self_paced,550,/Users/amandachirino/Desktop/cerebellum/tapping/stimuli/tapping_task_tone_1000Hz_50ms_0.25amp.wav,,14413,275,Unsuccessful,g,g,2025-10-09_22-25-07,2025-10-09_22-25-21
amanda502,am,practice1,1,15,self_paced,550,self_paced,550,/Users/amandachirino/Desktop/cerebellum/tapping/stimuli/tapping_task_tone_1000Hz_50ms_0.25amp.wav,,14600,187,Unsuccessful,g,g,2025-10-09_22-25-07,2025-10-09_22-25-21
amanda502,am,practice1,1,16,self_paced,550,self_paced,550,/Users/amandachirino/Desktop/cerebellum/tapping/stimuli/tapping_task_tone_1000Hz_50ms_0.25amp.wav,,14775,175,Unsuccessful,g,g,2025-10-09_22-25-07,2025-10-09_22-25-21
amanda502,am,practice1,1,17,self_paced,550,self_paced,550,/Users/amandachirino/Desktop/cerebellum/tapping/stimuli/tapping_task_tone_1000Hz_50ms_0.25amp.wav,,14938,163,Unsuccessful,g,g,2025-10-09_22-25-07,2025-10-09_22-25-21
amanda502,am,practice1,1,18,self_paced,550,self_paced,550,/Users/amandachirino/Desktop/cerebellum/tapping/stimuli/tapping_task_tone_1000Hz_50ms_0.25amp.wav,,15114,176,Unsuccessful,g,g,2025-10-09_22-25-07,2025-10-09_22-25-21
amanda502,am,practice1,1,19,self_paced,550,self_paced,550,/Users/amandachirino/Desktop/cerebellum/tapping/stimuli/tapping_task_tone_1000Hz_50ms_0.25amp.wav,,15275,161,Unsuccessful,g,g,2025-10-09_22-25-07,2025-10-09_22-25-21
amanda502,am,practice1,1,20,self_paced,550,self_paced,550,/Users/amandachirino/Desktop/cerebellum/tapping/stimuli/tapping_task_tone_1000Hz_50ms_0.25amp.wav,,15450,175,Unsuccessful,g,g,2025-10-09_22-25-07,2025-10-09_22-25-21
amanda502,am,practice1,1,21,self_paced,550,self_paced,550,/Users/amandachirino/Desktop/cerebellum/tapping/stimuli/tapping_task_tone_1000Hz_50ms_0.25amp.wav,,15637,187,Unsuccessful,g,g,2025-10-09_22-25-07,2025-10-09_22-25-21
amanda502,am,practice1,1,22,self_paced,550,self_paced,550,/Users/amandachirino/Desktop/cerebellum/tapping/stimuli/tapping_task_tone_1000Hz_50ms_0.25amp.wav,,15812,175,Unsuccessful,g,g,2025-10-09_22-25-07,2025-10-09_22-25-21
amanda502,am,practice1,1,23,self_paced,550,self_paced,550,/Users/amandachirino/Desktop/cerebellum/tapping/stimuli/tapping_task_tone_1000Hz_50ms_0.25amp.wav,,15987,175,Unsuccessful,g,g,2025-10-09_22-25-07,2025-10-09_22-25-21
amanda502,am,practice1,1,24,self_paced,550,self_paced,550,/Users/amandachirino/Desktop/cerebellum/tapping/stimuli/tapping_task_tone_1000Hz_50ms_0.25amp.wav,,16163,176,Unsuccessful,g,g,2025-10-09_22-25-07,2025-10-09_22-25-21
amanda502,am,practice1,1,25,self_paced,550,self_paced,550,/Users/amandachirino/Desktop/cerebellum/tapping/stimuli/tapping_task_tone_1000Hz_50ms_0.25amp.wav,,16363,200,Unsuccessful,g,g,2025-10-09_22-25-07,2025-10-09_22-25-21
amanda502,am,practice1,1,26,self_paced,550,self_paced,550,/Users/amandachirino/Desktop/cerebellum/tapping/stimuli/tapping_task_tone_1000Hz_50ms_0.25amp.wav,,16576,213,Unsuccessful,g,g,2025-10-09_22-25-07,2025-10-09_22-25-21
amanda502,am,practice1,1,27,self_paced,550,self_paced,550,/Users/amandachirino/Desktop/cerebellum/tapping/stimuli/tapping_task_tone_1000Hz_50ms_0.25amp.wav,,16838,262,Unsuccessful,g,g,2025-10-09_22-25-07,2025-10-09_22-25-21
amanda502,am,practice1,1,28,self_paced,550,self_paced,550,/Users/amandachirino/Desktop/cerebellum/tapping/stimuli/tapping_task_tone_1000Hz_50ms_0.25amp.wav,,17100,262,Unsuccessful,g,g,2025-10-09_22-25-07,2025-10-09_22-25-21
amanda502,am,practice1,1,29,self_paced,550,self_paced,550,/Users/amandachirino/Desktop/cerebellum/tapping/stimuli/tapping_task_tone_1000Hz_50ms_0.25amp.wav,,17363,263,Unsuccessful,g,g,2025-10-09_22-25-07,2025-10-09_22-25-21
amanda502,am,practice1,1,30,self_paced,550,self_paced,550,/Users/amandachirino/Desktop/cerebellum/tapping/stimuli/tapping_task_tone_1000Hz_50ms_0.25amp.wav,,17550,187,Unsuccessful,g,g,2025-10-09_22-25-07,2025-10-09_22-25-21
amanda502,am,practice1,1,31,self_paced,550,self_paced,550,/Users/amandachirino/Desktop/cerebellum/tapping/stimuli/tapping_task_tone_1000Hz_50ms_0.25amp.wav,,17777,227,Unsuccessful,g,g,2025-10-09_22-25-07,2025-10-09_22-25-21
amanda502,am,practice1,1,32,self_paced,550,self_paced,550,/Users/amandachirino/Desktop/cerebellum/tapping/stimuli/tapping_task_tone_1000Hz_50ms_0.25amp.wav,,17987,210,Unsuccessful,g,g,2025-10-09_22-25-07,2025-10-09_22-25-21
amanda502,am,practice1,1,33,self_paced,550,self_paced,550,/Users/amandachirino/Desktop/cerebellum/tapping/stimuli/tapping_task_tone_1000Hz_50ms_0.25amp.wav,,18226,239,Unsuccessful,g,g,2025-10-09_22-25-07,2025-10-09_22-25-21
amanda502,am,practice1,1,34,self_paced,550,self_paced,550,/Users/amandachirino/Desktop/cerebellum/tapping/stimuli/tapping_task_tone_1000Hz_50ms_0.25amp.wav,,18417,191,Unsuccessful,g,g,2025-10-09_22-25-07,2025-10-09_22-25-21
amanda502,am,practice1,1,35,self_paced,550,self_paced,550,/Users/amandachirino/Desktop/cerebellum/tapping/stimuli/tapping_task_tone_1000Hz_50ms_0.25amp.wav,,18631,214,Unsuccessful,g,g,2025-10-09_22-25-07,2025-10-09_22-25-21
amanda502,am,practice1,1,36,self_paced,550,self_paced,550,/Users/amandachirino/Desktop/cerebellum/tapping/stimuli/tapping_task_tone_1000Hz_50ms_0.25amp.wav,,18863,232,Unsuccessful,g,g,2025-10-09_22-25-07,2025-10-09_22-25-21
amanda502,am,practice1,1,37,self_paced,550,self_paced,550,/Users/amandachirino/Desktop/cerebellum/tapping/stimuli/tapping_task_tone_1000Hz_50ms_0.25amp.wav,,19153,290,Unsuccessful,g,g,2025-10-09_22-25-07,2025-10-09_22-25-21
amanda502,am,practice1,1,38,self_paced,550,self_paced,550,/Users/amandachirino/Desktop/cerebellum/tapping/stimuli/tapping_task_tone_1000Hz_50ms_0.25amp.wav,,19362,209,Unsuccessful,g,g,2025-10-09_22-25-07,2025-10-09_22-25-21
amanda502,am,practice1,1,39,self_paced,550,self_paced,550,/Users/amandachirino/Desktop/cerebellum/tapping/stimuli/tapping_task_tone_1000Hz_50ms_0.25amp.wav,,19588,226,Unsuccessful,g,g,2025-10-09_22-25-07,2025-10-09_22-25-21
amanda502,am,practice1,1,40,self_paced,550,self_paced,550,/Users/amandachirino/Desktop/cerebellum/tapping/stimuli/tapping_task_tone_1000Hz_50ms_0.25amp.wav,,19808,220,Unsuccessful,g,g,2025-10-09_22-25-07,2025-10-09_22-25-21
amanda502,am,practice1,1,41,self_paced,550,self_paced,550,/Users/amandachirino/Desktop/cerebellum/tapping/stimuli/tapping_task_tone_1000Hz_50ms_0.25amp.wav,,20026,218,Unsuccessful,g,g,2025-10-09_22-25-07,2025-10-09_22-25-21
amanda502,am,practice1,1,42,self_paced,550,self_paced,550,/Users/amandachirino/Desktop/cerebellum/tapping/stimuli/tapping_task_tone_1000Hz_50ms_0.25amp.wav,,20250,224,Unsuccessful,g,g,2025-10-09_22-25-07,2025-10-09_22-25-21
amanda502,am,practice1,1,43,self_paced,550,self_paced,550,/Users/amandachirino/Desktop/cerebellum/tapping/stimuli/tapping_task_tone_1000Hz_50ms_0.25amp.wav,,20476,226,Unsuccessful,g,g,2025-10-09_22-25-07,2025-10-09_22-25-21
amanda502,am,practice1,2,44,synchronized,550,synchronized,550,/Users/amandachirino/Desktop/cerebellum/tapping/stimuli/tapping_task_tone_1000Hz_50ms_0.25amp.wav,23523,23790,,Unsuccessful,g,g,2025-10-09_22-25-23,2025-10-09_22-25-38
amanda502,am,practice1,2,45,synchronized,550,synchronized,550,/Users/amandachirino/Desktop/cerebellum/tapping/stimuli/tapping_task_tone_1000Hz_50ms_0.25amp.wav,24073,24126,336,Unsuccessful,g,g,2025-10-09_22-25-23,2025-10-09_22-25-38
amanda502,am,practice1,2,46,synchronized,550,synchronized,550,/Users/amandachirino/Desktop/cerebellum/tapping/stimuli/tapping_task_tone_1000Hz_50ms_0.25amp.wav,24623,24626,500,Unsuccessful,g,g,2025-10-09_22-25-23,2025-10-09_22-25-38
amanda502,am,practice1,2,47,synchronized,550,synchronized,550,/Users/amandachirino/Desktop/cerebellum/tapping/stimuli/tapping_task_tone_1000Hz_50ms_0.25amp.wav,25173,25173,547,Unsuccessful,g,g,2025-10-09_22-25-23,2025-10-09_22-25-38
amanda502,am,practice1,2,48,synchronized,550,synchronized,550,/Users/amandachirino/Desktop/cerebellum/tapping/stimuli/tapping_task_tone_1000Hz_50ms_0.25amp.wav,25724,25724,551,Unsuccessful,g,g,2025-10-09_22-25-23,2025-10-09_22-25-38
amanda502,am,practice1,2,49,synchronized,550,synchronized,550,/Users/amandachirino/Desktop/cerebellum/tapping/stimuli/tapping_task_tone_1000Hz_50ms_0.25amp.wav,26274,26274,550,Unsuccessful,g,g,2025-10-09_22-25-23,2025-10-09_22-25-38
amanda502,am,practice1,2,50,synchronized,550,synchronized,550,/Users/amandachirino/Desktop/cerebellum/tapping/stimuli/tapping_task_tone_1000Hz_50ms_0.25amp.wav,26824,26824,550,Unsuccessful,g,g,2025-10-09_22-25-23,2025-10-09_22-25-38
amanda502,am,practice1,2,51,synchronized,550,synchronized,550,/Users/amandachirino/Desktop/cerebellum/tapping/stimuli/tapping_task_tone_1000Hz_50ms_0.25amp.wav,27375,27654,830,Unsuccessful,g,g,2025-10-09_22-25-23,2025-10-09_22-25-38
amanda502,am,practice1,2,52,synchronized,550,synchronized,550,/Users/amandachirino/Desktop/cerebellum/tapping/stimuli/tapping_task_tone_1000Hz_50ms_0.25amp.wav,27926,28102,448,Unsuccessful,g,g,2025-10-09_22-25-23,2025-10-09_22-25-38
amanda502,am,practice1,2,53,synchronized,550,synchronized,550,/Users/amandachirino/Desktop/cerebellum/tapping/stimuli/tapping_task_tone_1000Hz_50ms_0.25amp.wav,28477,28565,463,Unsuccessful,g,g,2025-10-09_22-25-23,2025-10-09_22-25-38
amanda502,am,practice1,2,54,synchronized,550,synchronized,550,/Users/amandachirino/Desktop/cerebellum/tapping/stimuli/tapping_task_tone_1000Hz_50ms_0.25amp.wav,29028,29077,512,Unsuccessful,g,g,2025-10-09_22-25-23,2025-10-09_22-25-38
amanda502,am,practice1,2,55,synchronized,550,synchronized,550,/Users/amandachirino/Desktop/cerebellum/tapping/stimuli/tapping_task_tone_1000Hz_50ms_0.25amp.wav,29578,29579,502,Unsuccessful,g,g,2025-10-09_22-25-23,2025-10-09_22-25-38
amanda502,am,practice1,2,56,self_paced,550,self_paced,550,/Users/amandachirino/Desktop/cerebellum/tapping/stimuli/tapping_task_tone_1000Hz_50ms_0.25amp.wav,,30463,,Unsuccessful,g,g,2025-10-09_22-25-23,2025-10-09_22-25-38
amanda502,am,practice1,2,57,self_paced,550,self_paced,550,/Users/amandachirino/Desktop/cerebellum/tapping/stimuli/tapping_task_tone_1000Hz_50ms_0.25amp.wav,,30750,287,Unsuccessful,g,g,2025-10-09_22-25-23,2025-10-09_22-25-38
amanda502,am,practice1,2,58,self_paced,550,self_paced,550,/Users/amandachirino/Desktop/cerebellum/tapping/stimuli/tapping_task_tone_1000Hz_50ms_0.25amp.wav,,30987,237,Unsuccessful,g,g,2025-10-09_22-25-23,2025-10-09_22-25-38
amanda502,am,practice1,2,59,self_paced,550,self_paced,550,/Users/amandachirino/Desktop/cerebellum/tapping/stimuli/tapping_task_tone_1000Hz_50ms_0.25amp.wav,,31213,226,Unsuccessful,g,g,2025-10-09_22-25-23,2025-10-09_22-25-38
amanda502,am,practice1,2,60,self_paced,550,self_paced,550,/Users/amandachirino/Desktop/cerebellum/tapping/stimuli/tapping_task_tone_1000Hz_50ms_0.25amp.wav,,31463,250,Unsuccessful,g,g,2025-10-09_22-25-23,2025-10-09_22-25-38
amanda502,am,practice1,2,61,self_paced,550,self_paced,550,/Users/amandachirino/Desktop/cerebellum/tapping/stimuli/tapping_task_tone_1000Hz_50ms_0.25amp.wav,,31663,200,Unsuccessful,g,g,2025-10-09_22-25-23,2025-10-09_22-25-38
amanda502,am,practice1,2,62,self_paced,550,self_paced,550,/Users/amandachirino/Desktop/cerebellum/tapping/stimuli/tapping_task_tone_1000Hz_50ms_0.25amp.wav,,31925,262,Unsuccessful,g,g,2025-10-09_22-25-23,2025-10-09_22-25-38
amanda502,am,practice1,2,63,self_paced,550,self_paced,550,/Users/amandachirino/Desktop/cerebellum/tapping/stimuli/tapping_task_tone_1000Hz_50ms_0.25amp.wav,,32162,237,Unsuccessful,g,g,2025-10-09_22-25-23,2025-10-09_22-25-38
amanda502,am,practice1,2,64,self_paced,550,self_paced,550,/Users/amandachirino/Desktop/cerebellum/tapping/stimuli/tapping_task_tone_1000Hz_50ms_0.25amp.wav,,32400,238,Unsuccessful,g,g,2025-10-09_22-25-23,2025-10-09_22-25-38
amanda502,am,practice1,2,65,self_paced,550,self_paced,550,/Users/amandachirino/Desktop/cerebellum/tapping/stimuli/tapping_task_tone_1000Hz_50ms_0.25amp.wav,,32599,199,Unsuccessful,g,g,2025-10-09_22-25-23,2025-10-09_22-25-38
amanda502,am,practice1,2,66,self_paced,550,self_paced,550,/Users/amandachirino/Desktop/cerebellum/tapping/stimuli/tapping_task_tone_1000Hz_50ms_0.25amp.wav,,32775,176,Unsuccessful,g,g,2025-10-09_22-25-23,2025-10-09_22-25-38
amanda502,am,practice1,2,67,self_paced,550,self_paced,550,/Users/amandachirino/Desktop/cerebellum/tapping/stimuli/tapping_task_tone_1000Hz_50ms_0.25amp.wav,,32963,188,Unsuccessful,g,g,2025-10-09_22-25-23,2025-10-09_22-25-38
amanda502,am,practice1,2,68,self_paced,550,self_paced,550,/Users/amandachirino/Desktop/cerebellum/tapping/stimuli/tapping_task_tone_1000Hz_50ms_0.25amp.wav,,33125,162,Unsuccessful,g,g,2025-10-09_22-25-23,2025-10-09_22-25-38
amanda502,am,practice1,2,69,self_paced,550,self_paced,550,/Users/amandachirino/Desktop/cerebellum/tapping/stimuli/tapping_task_tone_1000Hz_50ms_0.25amp.wav,,33312,187,Unsuccessful,g,g,2025-10-09_22-25-23,2025-10-09_22-25-38
amanda502,am,practice1,2,70,self_paced,550,self_paced,550,/Users/amandachirino/Desktop/cerebellum/tapping/stimuli/tapping_task_tone_1000Hz_50ms_0.25amp.wav,,33488,176,Unsuccessful,g,g,2025-10-09_22-25-23,2025-10-09_22-25-38
amanda502,am,practice1,2,71,self_paced,550,self_paced,550,/Users/amandachirino/Desktop/cerebellum/tapping/stimuli/tapping_task_tone_1000Hz_50ms_0.25amp.wav,,33676,188,Unsuccessful,g,g,2025-10-09_22-25-23,2025-10-09_22-25-38
amanda502,am,practice1,2,72,self_paced,550,self_paced,550,/Users/amandachirino/Desktop/cerebellum/tapping/stimuli/tapping_task_tone_1000Hz_50ms_0.25amp.wav,,33877,201,Unsuccessful,g,g,2025-10-09_22-25-23,2025-10-09_22-25-38
amanda502,am,practice1,2,73,self_paced,550,self_paced,550,/Users/amandachirino/Desktop/cerebellum/tapping/stimuli/tapping_task_tone_1000Hz_50ms_0.25amp.wav,,34050,173,Unsuccessful,g,g,2025-10-09_22-25-23,2025-10-09_22-25-38
amanda502,am,practice1,2,74,self_paced,550,self_paced,550,/Users/amandachirino/Desktop/cerebellum/tapping/stimuli/tapping_task_tone_1000Hz_50ms_0.25amp.wav,,34263,213,Unsuccessful,g,g,2025-10-09_22-25-23,2025-10-09_22-25-38
amanda502,am,practice1,2,75,self_paced,550,self_paced,550,/Users/amandachirino/Desktop/cerebellum/tapping/stimuli/tapping_task_tone_1000Hz_50ms_0.25amp.wav,,34437,174,Unsuccessful,g,g,2025-10-09_22-25-23,2025-10-09_22-25-38
amanda502,am,practice1,2,76,self_paced,550,self_paced,550,/Users/amandachirino/Desktop/cerebellum/tapping/stimuli/tapping_task_tone_1000Hz_50ms_0.25amp.wav,,34650,213,Unsuccessful,g,g,2025-10-09_22-25-23,2025-10-09_22-25-38
amanda502,am,practice1,2,77,self_paced,550,self_paced,550,/Users/amandachirino/Desktop/cerebellum/tapping/stimuli/tapping_task_tone_1000Hz_50ms_0.25amp.wav,,34875,225,Unsuccessful,g,g,2025-10-09_22-25-23,2025-10-09_22-25-38
amanda502,am,practice1,2,78,self_paced,550,self_paced,550,/Users/amandachirino/Desktop/cerebellum/tapping/stimuli/tapping_task_tone_1000Hz_50ms_0.25amp.wav,,35075,200,Unsuccessful,g,g,2025-10-09_22-25-23,2025-10-09_22-25-38
amanda502,am,practice1,2,79,self_paced,550,self_paced,550,/Users/amandachirino/Desktop/cerebellum/tapping/stimuli/tapping_task_tone_1000Hz_50ms_0.25amp.wav,,35275,200,Unsuccessful,g,g,2025-10-09_22-25-23,2025-10-09_22-25-38
amanda502,am,practice1,2,80,self_paced,550,self_paced,550,/Users/amandachirino/Desktop/cerebellum/tapping/stimuli/tapping_task_tone_1000Hz_50ms_0.25amp.wav,,35475,200,Unsuccessful,g,g,2025-10-09_22-25-23,2025-10-09_22-25-38
amanda502,am,practice1,2,81,self_paced,550,self_paced,550,/Users/amandachirino/Desktop/cerebellum/tapping/stimuli/tapping_task_tone_1000Hz_50ms_0.25amp.wav,,35713,238,Unsuccessful,g,g,2025-10-09_22-25-23,2025-10-09_22-25-38
amanda502,am,practice1,2,82,self_paced,550,self_paced,550,/Users/amandachirino/Desktop/cerebellum/tapping/stimuli/tapping_task_tone_1000Hz_50ms_0.25amp.wav,,35925,212,Unsuccessful,g,g,2025-10-09_22-25-23,2025-10-09_22-25-38
amanda502,am,practice1,2,83,self_paced,550,self_paced,550,/Users/amandachirino/Desktop/cerebellum/tapping/stimuli/tapping_task_tone_1000Hz_50ms_0.25amp.wav,,36113,188,Unsuccessful,g,g,2025-10-09_22-25-23,2025-10-09_22-25-38
amanda502,am,practice1,2,84,self_paced,550,self_paced,550,/Users/amandachirino/Desktop/cerebellum/tapping/stimuli/tapping_task_tone_1000Hz_50ms_0.25amp.wav,,36325,212,Unsuccessful,g,g,2025-10-09_22-25-23,2025-10-09_22-25-38
amanda502,am,practice1,2,85,self_paced,550,self_paced,550,/Users/amandachirino/Desktop/cerebellum/tapping/stimuli/tapping_task_tone_1000Hz_50ms_0.25amp.wav,,36537,212,Unsuccessful,g,g,2025-10-09_22-25-23,2025-10-09_22-25-38
amanda502,am,practice1,2,86,self_paced,550,self_paced,550,/Users/amandachirino/Desktop/cerebellum/tapping/stimuli/tapping_task_tone_1000Hz_50ms_0.25amp.wav,,36776,239,Unsuccessful,g,g,2025-10-09_22-25-23,2025-10-09_22-25-38
amanda502,am,block1,3,87,synchronized,550,synchronized,550,/Users/amandachirino/Desktop/cerebellum/tapping/stimuli/tapping_task_tone_1000Hz_50ms_0.25amp.wav,42118,42393,,Unsuccessful,g,g,2025-10-09_22-25-42,2025-10-09_22-25-57
amanda502,am,block1,3,88,synchronized,550,synchronized,550,/Users/amandachirino/Desktop/cerebellum/tapping/stimuli/tapping_task_tone_1000Hz_50ms_0.25amp.wav,42669,42767,374,Unsuccessful,g,g,2025-10-09_22-25-42,2025-10-09_22-25-57
amanda502,am,block1,3,89,synchronized,550,synchronized,550,/Users/amandachirino/Desktop/cerebellum/tapping/stimuli/tapping_task_tone_1000Hz_50ms_0.25amp.wav,43219,43253,486,Unsuccessful,g,g,2025-10-09_22-25-42,2025-10-09_22-25-57
amanda502,am,block1,3,90,synchronized,550,synchronized,550,/Users/amandachirino/Desktop/cerebellum/tapping/stimuli/tapping_task_tone_1000Hz_50ms_0.25amp.wav,43769,43791,538,Unsuccessful,g,g,2025-10-09_22-25-42,2025-10-09_22-25-57
amanda502,am,block1,3,91,synchronized,550,synchronized,550,/Users/amandachirino/Desktop/cerebellum/tapping/stimuli/tapping_task_tone_1000Hz_50ms_0.25amp.wav,44319,44319,528,Unsuccessful,g,g,2025-10-09_22-25-42,2025-10-09_22-25-57
amanda502,am,block1,3,92,synchronized,550,synchronized,550,/Users/amandachirino/Desktop/cerebellum/tapping/stimuli/tapping_task_tone_1000Hz_50ms_0.25amp.wav,44869,44870,551,Unsuccessful,g,g,2025-10-09_22-25-42,2025-10-09_22-25-57
amanda502,am,block1,3,93,synchronized,550,synchronized,550,/Users/amandachirino/Desktop/cerebellum/tapping/stimuli/tapping_task_tone_1000Hz_50ms_0.25amp.wav,45419,45419,549,Unsuccessful,g,g,2025-10-09_22-25-42,2025-10-09_22-25-57
amanda502,am,block1,3,94,synchronized,550,synchronized,550,/Users/amandachirino/Desktop/cerebellum/tapping/stimuli/tapping_task_tone_1000Hz_50ms_0.25amp.wav,45970,45970,551,Unsuccessful,g,g,2025-10-09_22-25-42,2025-10-09_22-25-57
amanda502,am,block1,3,95,synchronized,550,synchronized,550,/Users/amandachirino/Desktop/cerebellum/tapping/stimuli/tapping_task_tone_1000Hz_50ms_0.25amp.wav,46520,46520,550,Unsuccessful,g,g,2025-10-09_22-25-42,2025-10-09_22-25-57
amanda502,am,block1,3,96,synchronized,550,synchronized,550,/Users/amandachirino/Desktop/cerebellum/tapping/stimuli/tapping_task_tone_1000Hz_50ms_0.25amp.wav,47071,47367,847,Unsuccessful,g,g,2025-10-09_22-25-42,2025-10-09_22-25-57
amanda502,am,block1,3,97,synchronized,550,synchronized,550,/Users/amandachirino/Desktop/cerebellum/tapping/stimuli/tapping_task_tone_1000Hz_50ms_0.25amp.wav,47621,47840,473,Unsuccessful,g,g,2025-10-09_22-25-42,2025-10-09_22-25-57
amanda502,am,block1,3,98,synchronized,550,synchronized,550,/Users/amandachirino/Desktop/cerebellum/tapping/stimuli/tapping_task_tone_1000Hz_50ms_0.25amp.wav,48172,48278,438,Unsuccessful,g,g,2025-10-09_22-25-42,2025-10-09_22-25-57
amanda502,am,block1,3,99,self_paced,550,self_paced,550,/Users/amandachirino/Desktop/cerebellum/tapping/stimuli/tapping_task_tone_1000Hz_50ms_0.25amp.wav,,49078,,Unsuccessful,g,g,2025-10-09_22-25-42,2025-10-09_22-25-57
amanda502,am,block1,3,100,self_paced,550,self_paced,550,/Users/amandachirino/Desktop/cerebellum/tapping/stimuli/tapping_task_tone_1000Hz_50ms_0.25amp.wav,,49300,222,Unsuccessful,g,g,2025-10-09_22-25-42,2025-10-09_22-25-57
amanda502,am,block1,3,101,self_paced,550,self_paced,550,/Users/amandachirino/Desktop/cerebellum/tapping/stimuli/tapping_task_tone_1000Hz_50ms_0.25amp.wav,,49475,175,Unsuccessful,g,g,2025-10-09_22-25-42,2025-10-09_22-25-57
amanda502,am,block1,3,102,self_paced,550,self_paced,550,/Users/amandachirino/Desktop/cerebellum/tapping/stimuli/tapping_task_tone_1000Hz_50ms_0.25amp.wav,,49650,175,Unsuccessful,g,g,2025-10-09_22-25-42,2025-10-09_22-25-57
amanda502,am,block1,3,103,self_paced,550,self_paced,550,/Users/amandachirino/Desktop/cerebellum/tapping/stimuli/tapping_task_tone_1000Hz_50ms_0.25amp.wav,,49825,175,Unsuccessful,g,g,2025-10-09_22-25-42,2025-10-09_22-25-57
amanda502,am,block1,3,104,self_paced,550,self_paced,550,/Users/amandachirino/Desktop/cerebellum/tapping/stimuli/tapping_task_tone_1000Hz_50ms_0.25amp.wav,,50000,175,Unsuccessful,g,g,2025-10-09_22-25-42,2025-10-09_22-25-57
amanda502,am,block1,3,105,self_paced,550,self_paced,550,/Users/amandachirino/Desktop/cerebellum/tapping/stimuli/tapping_task_tone_1000Hz_50ms_0.25amp.wav,,50200,200,Unsuccessful,g,g,2025-10-09_22-25-42,2025-10-09_22-25-57
amanda502,am,block1,3,106,self_paced,550,self_paced,550,/Users/amandachirino/Desktop/cerebellum/tapping/stimuli/tapping_task_tone_1000Hz_50ms_0.25amp.wav,,50413,213,Unsuccessful,g,g,2025-10-09_22-25-42,2025-10-09_22-25-57
amanda502,am,block1,3,107,self_paced,550,self_paced,550,/Users/amandachirino/Desktop/cerebellum/tapping/stimuli/tapping_task_tone_1000Hz_50ms_0.25amp.wav,,50625,212,Unsuccessful,g,g,2025-10-09_22-25-42,2025-10-09_22-25-57
amanda502,am,block1,3,108,self_paced,550,self_paced,550,/Users/amandachirino/Desktop/cerebellum/tapping/stimuli/tapping_task_tone_1000Hz_50ms_0.25amp.wav,,50851,226,Unsuccessful,g,g,2025-10-09_22-25-42,2025-10-09_22-25-57
amanda502,am,block1,3,109,self_paced,550,self_paced,550,/Users/amandachirino/Desktop/cerebellum/tapping/stimuli/tapping_task_tone_1000Hz_50ms_0.25amp.wav,,51687,836,Unsuccessful,g,g,2025-10-09_22-25-42,2025-10-09_22-25-57
amanda502,am,block1,3,110,self_paced,550,self_paced,550,/Users/amandachirino/Desktop/cerebellum/tapping/stimuli/tapping_task_tone_1000Hz_50ms_0.25amp.wav,,51888,201,Unsuccessful,g,g,2025-10-09_22-25-42,2025-10-09_22-25-57
amanda502,am,block1,3,111,self_paced,550,self_paced,550,/Users/amandachirino/Desktop/cerebellum/tapping/stimuli/tapping_task_tone_1000Hz_50ms_0.25amp.wav,,52118,230,Unsuccessful,g,g,2025-10-09_22-25-42,2025-10-09_22-25-57
amanda502,am,block1,3,112,self_paced,550,self_paced,550,/Users/amandachirino/Desktop/cerebellum/tapping/stimuli/tapping_task_tone_1000Hz_50ms_0.25amp.wav,,52326,208,Unsuccessful,g,g,2025-10-09_22-25-42,2025-10-09_22-25-57
amanda502,am,block1,3,113,self_paced,550,self_paced,550,/Users/amandachirino/Desktop/cerebellum/tapping/stimuli/tapping_task_tone_1000Hz_50ms_0.25amp.wav,,52563,237,Unsuccessful,g,g,2025-10-09_22-25-42,2025-10-09_22-25-57
amanda502,am,block1,3,114,self_paced,550,self_paced,550,/Users/amandachirino/Desktop/cerebellum/tapping/stimuli/tapping_task_tone_1000Hz_50ms_0.25amp.wav,,52987,424,Unsuccessful,g,g,2025-10-09_22-25-42,2025-10-09_22-25-57
amanda502,am,block1,3,115,self_paced,550,self_paced,550,/Users/amandachirino/Desktop/cerebellum/tapping/stimuli/tapping_task_tone_1000Hz_50ms_0.25amp.wav,,53213,226,Unsuccessful,g,g,2025-10-09_22-25-42,2025-10-09_22-25-57
amanda502,am,block1,3,116,self_paced,550,self_paced,550,/Users/amandachirino/Desktop/cerebellum/tapping/stimuli/tapping_task_tone_1000Hz_50ms_0.25amp.wav,,53413,200,Unsuccessful,g,g,2025-10-09_22-25-42,2025-10-09_22-25-57
amanda502,am,block1,3,117,self_paced,550,self_paced,550,/Users/amandachirino/Desktop/cerebellum/tapping/stimuli/tapping_task_tone_1000Hz_50ms_0.25amp.wav,,53600,187,Unsuccessful,g,g,2025-10-09_22-25-42,2025-10-09_22-25-57
amanda502,am,block1,3,118,self_paced,550,self_paced,550,/Users/amandachirino/Desktop/cerebellum/tapping/stimuli/tapping_task_tone_1000Hz_50ms_0.25amp.wav,,53800,200,Unsuccessful,g,g,2025-10-09_22-25-42,2025-10-09_22-25-57
amanda502,am,block1,3,119,self_paced,550,self_paced,550,/Users/amandachirino/Desktop/cerebellum/tapping/stimuli/tapping_task_tone_1000Hz_50ms_0.25amp.wav,,54000,200,Unsuccessful,g,g,2025-10-09_22-25-42,2025-10-09_22-25-57
amanda502,am,block1,3,120,self_paced,550,self_paced,550,/Users/amandachirino/Desktop/cerebellum/tapping/stimuli/tapping_task_tone_1000Hz_50ms_0.25amp.wav,,54187,187,Unsuccessful,g,g,2025-10-09_22-25-42,2025-10-09_22-25-57
amanda502,am,block1,3,121,self_paced,550,self_paced,550,/Users/amandachirino/Desktop/cerebellum/tapping/stimuli/tapping_task_tone_1000Hz_50ms_0.25amp.wav,,54387,200,Unsuccessful,g,g,2025-10-09_22-25-42,2025-10-09_22-25-57
amanda502,am,block1,3,122,self_paced,550,self_paced,550,/Users/amandachirino/Desktop/cerebellum/tapping/stimuli/tapping_task_tone_1000Hz_50ms_0.25amp.wav,,54600,213,Unsuccessful,g,g,2025-10-09_22-25-42,2025-10-09_22-25-57
amanda502,am,block1,3,123,self_paced,550,self_paced,550,/Users/amandachirino/Desktop/cerebellum/tapping/stimuli/tapping_task_tone_1000Hz_50ms_0.25amp.wav,,54812,212,Unsuccessful,g,g,2025-10-09_22-25-42,2025-10-09_22-25-57
amanda502,am,block1,3,124,self_paced,550,self_paced,550,/Users/amandachirino/Desktop/cerebellum/tapping/stimuli/tapping_task_tone_1000Hz_50ms_0.25amp.wav,,55014,202,Unsuccessful,g,g,2025-10-09_22-25-42,2025-10-09_22-25-57
amanda502,am,block1,3,125,self_paced,550,self_paced,550,/Users/amandachirino/Desktop/cerebellum/tapping/stimuli/tapping_task_tone_1000Hz_50ms_0.25amp.wav,,55225,211,Unsuccessful,g,g,2025-10-09_22-25-42,2025-10-09_22-25-57
amanda502,am,block1,3,126,self_paced,550,self_paced,550,/Users/amandachirino/Desktop/cerebellum/tapping/stimuli/tapping_task_tone_1000Hz_50ms_0.25amp.wav,,55425,200,Unsuccessful,g,g,2025-10-09_22-25-42,2025-10-09_22-25-57
amanda502,am,block1,3,127,self_paced,550,self_paced,550,/Users/amandachirino/Desktop/cerebellum/tapping/stimuli/tapping_task_tone_1000Hz_50ms_0.25amp.wav,,55612,187,Unsuccessful,g,g,2025-10-09_22-25-42,2025-10-09_22-25-57
amanda502,am,block1,3,128,self_paced,550,self_paced,550,/Users/amandachirino/Desktop/cerebellum/tapping/stimuli/tapping_task_tone_1000Hz_50ms_0.25amp.wav,,55800,188,Unsuccessful,g,g,2025-10-09_22-25-42,2025-10-09_22-25-57
amanda502,am,block1,3,129,self_paced,550,self_paced,550,/Users/amandachirino/Desktop/cerebellum/tapping/stimuli/tapping_task_tone_1000Hz_50ms_0.25amp.wav,,56175,375,Unsuccessful,g,g,2025-10-09_22-25-42,2025-10-09_22-25-57
amanda502,am,block1,4,130,synchronized,550,synchronized,550,/Users/amandachirino/Desktop/cerebellum/tapping/stimuli/tapping_task_tone_1000Hz_50ms_0.25amp.wav,59200,59201,,Unsuccessful,g,g,2025-10-09_22-25-59,2025-10-09_22-26-15
amanda502,am,block1,4,131,synchronized,550,synchronized,550,/Users/amandachirino/Desktop/cerebellum/tapping/stimuli/tapping_task_tone_1000Hz_50ms_0.25amp.wav,59750,59751,550,Unsuccessful,g,g,2025-10-09_22-25-59,2025-10-09_22-26-15
amanda502,am,block1,4,132,synchronized,550,synchronized,550,/Users/amandachirino/Desktop/cerebellum/tapping/stimuli/tapping_task_tone_1000Hz_50ms_0.25amp.wav,60301,60377,626,Unsuccessful,g,g,2025-10-09_22-25-59,2025-10-09_22-26-15
amanda502,am,block1,4,133,synchronized,550,synchronized,550,/Users/amandachirino/Desktop/cerebellum/tapping/stimuli/tapping_task_tone_1000Hz_50ms_0.25amp.wav,60852,60902,525,Unsuccessful,g,g,2025-10-09_22-25-59,2025-10-09_22-26-15
amanda502,am,block1,4,134,synchronized,550,synchronized,550,/Users/amandachirino/Desktop/cerebellum/tapping/stimuli/tapping_task_tone_1000Hz_50ms_0.25amp.wav,61402,61452,550,Unsuccessful,g,g,2025-10-09_22-25-59,2025-10-09_22-26-15
amanda502,am,block1,4,135,synchronized,550,synchronized,550,/Users/amandachirino/Desktop/cerebellum/tapping/stimuli/tapping_task_tone_1000Hz_50ms_0.25amp.wav,61952,61989,537,Unsuccessful,g,g,2025-10-09_22-25-59,2025-10-09_22-26-15
amanda502,am,block1,4,136,synchronized,550,synchronized,550,/Users/amandachirino/Desktop/cerebellum/tapping/stimuli/tapping_task_tone_1000Hz_50ms_0.25amp.wav,62503,62553,564,Unsuccessful,g,g,2025-10-09_22-25-59,2025-10-09_22-26-15
amanda502,am,block1,4,137,synchronized,550,synchronized,550,/Users/amandachirino/Desktop/cerebellum/tapping/stimuli/tapping_task_tone_1000Hz_50ms_0.25amp.wav,63053,63140,587,Unsuccessful,g,g,2025-10-09_22-25-59,2025-10-09_22-26-15
amanda502,am,block1,4,138,synchronized,550,synchronized,550,/Users/amandachirino/Desktop/cerebellum/tapping/stimuli/tapping_task_tone_1000Hz_50ms_0.25amp.wav,63604,63678,538,Unsuccessful,g,g,2025-10-09_22-25-59,2025-10-09_22-26-15
amanda502,am,block1,4,139,synchronized,550,synchronized,550,/Users/amandachirino/Desktop/cerebellum/tapping/stimuli/tapping_task_tone_1000Hz_50ms_0.25amp.wav,64154,64240,562,Unsuccessful,g,g,2025-10-09_22-25-59,2025-10-09_22-26-15
amanda502,am,block1,4,140,synchronized,550,synchronized,550,/Users/amandachirino/Desktop/cerebellum/tapping/stimuli/tapping_task_tone_1000Hz_50ms_0.25amp.wav,64705,64743,503,Unsuccessful,g,g,2025-10-09_22-25-59,2025-10-09_22-26-15
amanda502,am,block1,4,141,synchronized,550,synchronized,550,/Users/amandachirino/Desktop/cerebellum/tapping/stimuli/tapping_task_tone_1000Hz_50ms_0.25amp.wav,65255,65256,513,Unsuccessful,g,g,2025-10-09_22-25-59,2025-10-09_22-26-15
amanda502,am,block1,4,142,self_paced,550,self_paced,550,/Users/amandachirino/Desktop/cerebellum/tapping/stimuli/tapping_task_tone_1000Hz_50ms_0.25amp.wav,,66288,,Unsuccessful,g,g,2025-10-09_22-25-59,2025-10-09_22-26-15
amanda502,am,block1,4,143,self_paced,550,self_paced,550,/Users/amandachirino/Desktop/cerebellum/tapping/stimuli/tapping_task_tone_1000Hz_50ms_0.25amp.wav,,66575,287,Unsuccessful,g,g,2025-10-09_22-25-59,2025-10-09_22-26-15
amanda502,am,block1,4,144,self_paced,550,self_paced,550,/Users/amandachirino/Desktop/cerebellum/tapping/stimuli/tapping_task_tone_1000Hz_50ms_0.25amp.wav,,66825,250,Unsuccessful,g,g,2025-10-09_22-25-59,2025-10-09_22-26-15
amanda502,am,block1,4,145,self_paced,550,self_paced,550,/Users/amandachirino/Desktop/cerebellum/tapping/stimuli/tapping_task_tone_1000Hz_50ms_0.25amp.wav,,67075,250,Unsuccessful,g,g,2025-10-09_22-25-59,2025-10-09_22-26-15
amanda502,am,block1,4,146,self_paced,550,self_paced,550,/Users/amandachirino/Desktop/cerebellum/tapping/stimuli/tapping_task_tone_1000Hz_50ms_0.25amp.wav,,67326,251,Unsuccessful,g,g,2025-10-09_22-25-59,2025-10-09_22-26-15
amanda502,am,block1,4,147,self_paced,550,self_paced,550,/Users/amandachirino/Desktop/cerebellum/tapping/stimuli/tapping_task_tone_1000Hz_50ms_0.25amp.wav,,67575,249,Unsuccessful,g,g,2025-10-09_22-25-59,2025-10-09_22-26-15
amanda502,am,block1,4,148,self_paced,550,self_paced,550,/Users/amandachirino/Desktop/cerebellum/tapping/stimuli/tapping_task_tone_1000Hz_50ms_0.25amp.wav,,67812,237,Unsuccessful,g,g,2025-10-09_22-25-59,2025-10-09_22-26-15
amanda502,am,block1,4,149,self_paced,550,self_paced,550,/Users/amandachirino/Desktop/cerebellum/tapping/stimuli/tapping_task_tone_1000Hz_50ms_0.25amp.wav,,68075,263,Unsuccessful,g,g,2025-10-09_22-25-59,2025-10-09_22-26-15
amanda502,am,block1,4,150,self_paced,550,self_paced,550,/Users/amandachirino/Desktop/cerebellum/tapping/stimuli/tapping_task_tone_1000Hz_50ms_0.25amp.wav,,68337,262,Unsuccessful,g,g,2025-10-09_22-25-59,2025-10-09_22-26-15
amanda502,am,block1,4,151,self_paced,550,self_paced,550,/Users/amandachirino/Desktop/cerebellum/tapping/stimuli/tapping_task_tone_1000Hz_50ms_0.25amp.wav,,68600,263,Unsuccessful,g,g,2025-10-09_22-25-59,2025-10-09_22-26-15
amanda502,am,block1,4,152,self_paced,550,self_paced,550,/Users/amandachirino/Desktop/cerebellum/tapping/stimuli/tapping_task_tone_1000Hz_50ms_0.25amp.wav,,68875,275,Unsuccessful,g,g,2025-10-09_22-25-59,2025-10-09_22-26-15
amanda502,am,block1,4,153,self_paced,550,self_paced,550,/Users/amandachirino/Desktop/cerebellum/tapping/stimuli/tapping_task_tone_1000Hz_50ms_0.25amp.wav,,69087,212,Unsuccessful,g,g,2025-10-09_22-25-59,2025-10-09_22-26-15
amanda502,am,block1,4,154,self_paced,550,self_paced,550,/Users/amandachirino/Desktop/cerebellum/tapping/stimuli/tapping_task_tone_1000Hz_50ms_0.25amp.wav,,69325,238,Unsuccessful,g,g,2025-10-09_22-25-59,2025-10-09_22-26-15
amanda502,am,block1,4,155,self_paced,550,self_paced,550,/Users/amandachirino/Desktop/cerebellum/tapping/stimuli/tapping_task_tone_1000Hz_50ms_0.25amp.wav,,69606,281,Unsuccessful,g,g,2025-10-09_22-25-59,2025-10-09_22-26-15
amanda502,am,block1,4,156,self_paced,550,self_paced,550,/Users/amandachirino/Desktop/cerebellum/tapping/stimuli/tapping_task_tone_1000Hz_50ms_0.25amp.wav,,69863,257,Unsuccessful,g,g,2025-10-09_22-25-59,2025-10-09_22-26-15
amanda502,am,block1,4,157,self_paced,550,self_paced,550,/Users/amandachirino/Desktop/cerebellum/tapping/stimuli/tapping_task_tone_1000Hz_50ms_0.25amp.wav,,70137,274,Unsuccessful,g,g,2025-10-09_22-25-59,2025-10-09_22-26-15
amanda502,am,block1,4,158,self_paced,550,self_paced,550,/Users/amandachirino/Desktop/cerebellum/tapping/stimuli/tapping_task_tone_1000Hz_50ms_0.25amp.wav,,70400,263,Unsuccessful,g,g,2025-10-09_22-25-59,2025-10-09_22-26-15
amanda502,am,block1,4,159,self_paced,550,self_paced,550,/Users/amandachirino/Desktop/cerebellum/tapping/stimuli/tapping_task_tone_1000Hz_50ms_0.25amp.wav,,70637,237,Unsuccessful,g,g,2025-10-09_22-25-59,2025-10-09_22-26-15
amanda502,am,block1,4,160,self_paced,550,self_paced,550,/Users/amandachirino/Desktop/cerebellum/tapping/stimuli/tapping_task_tone_1000Hz_50ms_0.25amp.wav,,70925,288,Unsuccessful,g,g,2025-10-09_22-25-59,2025-10-09_22-26-15
amanda502,am,block1,4,161,self_paced,550,self_paced,550,/Users/amandachirino/Desktop/cerebellum/tapping/stimuli/tapping_task_tone_1000Hz_50ms_0.25amp.wav,,71137,212,Unsuccessful,g,g,2025-10-09_22-25-59,2025-10-09_22-26-15
amanda502,am,block1,4,162,self_paced,550,self_paced,550,/Users/amandachirino/Desktop/cerebellum/tapping/stimuli/tapping_task_tone_1000Hz_50ms_0.25amp.wav,,71412,275,Unsuccessful,g,g,2025-10-09_22-25-59,2025-10-09_22-26-15
amanda502,am,block1,4,163,self_paced,550,self_paced,550,/Users/amandachirino/Desktop/cerebellum/tapping/stimuli/tapping_task_tone_1000Hz_50ms_0.25amp.wav,,71688,276,Unsuccessful,g,g,2025-10-09_22-25-59,2025-10-09_22-26-15
amanda502,am,block1,4,164,self_paced,550,self_paced,550,/Users/amandachirino/Desktop/cerebellum/tapping/stimuli/tapping_task_tone_1000Hz_50ms_0.25amp.wav,,71962,274,Unsuccessful,g,g,2025-10-09_22-25-59,2025-10-09_22-26-15
amanda502,am,block1,4,165,self_paced,550,self_paced,550,/Users/amandachirino/Desktop/cerebellum/tapping/stimuli/tapping_task_tone_1000Hz_50ms_0.25amp.wav,,72275,313,Unsuccessful,g,g,2025-10-09_22-25-59,2025-10-09_22-26-15
amanda502,am,block1,4,166,self_paced,550,self_paced,550,/Users/amandachirino/Desktop/cerebellum/tapping/stimuli/tapping_task_tone_1000Hz_50ms_0.25amp.wav,,72537,262,Unsuccessful,g,g,2025-10-09_22-25-59,2025-10-09_22-26-15
amanda502,am,block1,4,167,self_paced,550,self_paced,550,/Users/amandachirino/Desktop/cerebellum/tapping/stimuli/tapping_task_tone_1000Hz_50ms_0.25amp.wav,,72800,263,Unsuccessful,g,g,2025-10-09_22-25-59,2025-10-09_22-26-15
amanda502,am,block1,4,168,self_paced,550,self_paced,550,/Users/amandachirino/Desktop/cerebellum/tapping/stimuli/tapping_task_tone_1000Hz_50ms_0.25amp.wav,,73037,237,Unsuccessful,g,g,2025-10-09_22-25-59,2025-10-09_22-26-15
amanda502,am,block1,4,169,self_paced,550,self_paced,550,/Users/amandachirino/Desktop/cerebellum/tapping/stimuli/tapping_task_tone_1000Hz_50ms_0.25amp.wav,,73300,263,Unsuccessful,g,g,2025-10-09_22-25-59,2025-10-09_22-26-15
amanda502,am,block1,4,170,self_paced,550,self_paced,550,/Users/amandachirino/Desktop/cerebellum/tapping/stimuli/tapping_task_tone_1000Hz_50ms_0.25amp.wav,,73537,237,Unsuccessful,g,g,2025-10-09_22-25-59,2025-10-09_22-26-15
amanda502,am,block1,4,171,self_paced,550,self_paced,550,/Users/amandachirino/Desktop/cerebellum/tapping/stimuli/tapping_task_tone_1000Hz_50ms_0.25amp.wav,,73800,263,Unsuccessful,g,g,2025-10-09_22-25-59,2025-10-09_22-26-15
amanda502,am,block1,4,172,self_paced,550,self_paced,550,/Users/amandachirino/Desktop/cerebellum/tapping/stimuli/tapping_task_tone_1000Hz_50ms_0.25amp.wav,,74037,237,Unsuccessful,g,g,2025-10-09_22-25-59,2025-10-09_22-26-15
amanda502,am,block1,5,173,synchronized,550,synchronized,550,/Users/amandachirino/Desktop/cerebellum/tapping/stimuli/tapping_task_tone_1000Hz_50ms_0.25amp.wav,77066,77305,,Successful,g,g,2025-10-09_22-26-17,2025-10-09_22-26-55
amanda502,am,block1,5,174,synchronized,550,synchronized,550,/Users/amandachirino/Desktop/cerebellum/tapping/stimuli/tapping_task_tone_1000Hz_50ms_0.25amp.wav,77617,77739,434,Successful,g,g,2025-10-09_22-26-17,2025-10-09_22-26-55
amanda502,am,block1,5,175,synchronized,550,synchronized,550,/Users/amandachirino/Desktop/cerebellum/tapping/stimuli/tapping_task_tone_1000Hz_50ms_0.25amp.wav,78168,78214,475,Successful,g,g,2025-10-09_22-26-17,2025-10-09_22-26-55
amanda502,am,block1,5,176,synchronized,550,synchronized,550,/Users/amandachirino/Desktop/cerebellum/tapping/stimuli/tapping_task_tone_1000Hz_50ms_0.25amp.wav,78718,78743,529,Successful,g,g,2025-10-09_22-26-17,2025-10-09_22-26-55
amanda502,am,block1,5,177,synchronized,550,synchronized,550,/Users/amandachirino/Desktop/cerebellum/tapping/stimuli/tapping_task_tone_1000Hz_50ms_0.25amp.wav,79269,79270,527,Successful,g,g,2025-10-09_22-26-17,2025-10-09_22-26-55
amanda502,am,block1,5,178,synchronized,550,synchronized,550,/Users/amandachirino/Desktop/cerebellum/tapping/stimuli/tapping_task_tone_1000Hz_50ms_0.25amp.wav,79820,79820,550,Successful,g,g,2025-10-09_22-26-17,2025-10-09_22-26-55
amanda502,am,block1,5,179,synchronized,550,synchronized,550,/Users/amandachirino/Desktop/cerebellum/tapping/stimuli/tapping_task_tone_1000Hz_50ms_0.25amp.wav,80371,80371,551,Successful,g,g,2025-10-09_22-26-17,2025-10-09_22-26-55
amanda502,am,block1,5,180,synchronized,550,synchronized,550,/Users/amandachirino/Desktop/cerebellum/tapping/stimuli/tapping_task_tone_1000Hz_50ms_0.25amp.wav,80922,80993,622,Successful,g,g,2025-10-09_22-26-17,2025-10-09_22-26-55
amanda502,am,block1,5,181,synchronized,550,synchronized,550,/Users/amandachirino/Desktop/cerebellum/tapping/stimuli/tapping_task_tone_1000Hz_50ms_0.25amp.wav,81472,81473,480,Successful,g,g,2025-10-09_22-26-17,2025-10-09_22-26-55
amanda502,am,block1,5,182,synchronized,550,synchronized,550,/Users/amandachirino/Desktop/cerebellum/tapping/stimuli/tapping_task_tone_1000Hz_50ms_0.25amp.wav,82022,82022,549,Successful,g,g,2025-10-09_22-26-17,2025-10-09_22-26-55
amanda502,am,block1,5,183,synchronized,550,synchronized,550,/Users/amandachirino/Desktop/cerebellum/tapping/stimuli/tapping_task_tone_1000Hz_50ms_0.25amp.wav,82573,82828,806,Successful,g,g,2025-10-09_22-26-17,2025-10-09_22-26-55
amanda502,am,block1,5,184,synchronized,550,synchronized,550,/Users/amandachirino/Desktop/cerebellum/tapping/stimuli/tapping_task_tone_1000Hz_50ms_0.25amp.wav,83124,83124,296,Successful,g,g,2025-10-09_22-26-17,2025-10-09_22-26-55
amanda502,am,block1,5,185,self_paced,550,self_paced,550,/Users/amandachirino/Desktop/cerebellum/tapping/stimuli/tapping_task_tone_1000Hz_50ms_0.25amp.wav,,83925,,Successful,g,g,2025-10-09_22-26-17,2025-10-09_22-26-55
amanda502,am,block2,6,186,synchronized,550,synchronized,550,/Users/amandachirino/Desktop/cerebellum/tapping/stimuli/tapping_task_tone_1000Hz_50ms_0.25amp.wav,126793,127329,,Unsuccessful,g,g,2025-10-09_22-27-07,2025-10-09_22-27-44
amanda502,am,block2,6,187,synchronized,550,synchronized,550,/Users/amandachirino/Desktop/cerebellum/tapping/stimuli/tapping_task_tone_1000Hz_50ms_0.25amp.wav,127344,127344,15,Unsuccessful,g,g,2025-10-09_22-27-07,2025-10-09_22-27-44
amanda502,am,block2,6,188,synchronized,550,synchronized,550,/Users/amandachirino/Desktop/cerebellum/tapping/stimuli/tapping_task_tone_1000Hz_50ms_0.25amp.wav,127894,127894,550,Unsuccessful,g,g,2025-10-09_22-27-07,2025-10-09_22-27-44
amanda502,am,block2,6,189,synchronized,550,synchronized,550,/Users/amandachirino/Desktop/cerebellum/tapping/stimuli/tapping_task_tone_1000Hz_50ms_0.25amp.wav,128444,128445,551,Unsuccessful,g,g,2025-10-09_22-27-07,2025-10-09_22-27-44
amanda502,am,block2,6,190,synchronized,550,synchronized,550,/Users/amandachirino/Desktop/cerebellum/tapping/stimuli/tapping_task_tone_1000Hz_50ms_0.25amp.wav,128994,129282,837,Unsuccessful,g,g,2025-10-09_22-27-07,2025-10-09_22-27-44
amanda502,am,block2,6,191,synchronized,550,synchronized,550,/Users/amandachirino/Desktop/cerebellum/tapping/stimuli/tapping_task_tone_1000Hz_50ms_0.25amp.wav,129545,129819,537,Unsuccessful,g,g,2025-10-09_22-27-07,2025-10-09_22-27-44
amanda502,am,block2,6,192,synchronized,550,synchronized,550,/Users/amandachirino/Desktop/cerebellum/tapping/stimuli/tapping_task_tone_1000Hz_50ms_0.25amp.wav,130095,130391,572,Unsuccessful,g,g,2025-10-09_22-27-07,2025-10-09_22-27-44
amanda502,am,block2,6,193,synchronized,550,synchronized,550,/Users/amandachirino/Desktop/cerebellum/tapping/stimuli/tapping_task_tone_1000Hz_50ms_0.25amp.wav,130646,130903,512,Unsuccessful,g,g,2025-10-09_22-27-07,2025-10-09_22-27-44
amanda502,am,block2,6,194,synchronized,550,synchronized,550,/Users/amandachirino/Desktop/cerebellum/tapping/stimuli/tapping_task_tone_1000Hz_50ms_0.25amp.wav,131197,131466,563,Unsuccessful,g,g,2025-10-09_22-27-07,2025-10-09_22-27-44
amanda502,am,block2,6,195,synchronized,550,synchronized,550,/Users/amandachirino/Desktop/cerebellum/tapping/stimuli/tapping_task_tone_1000Hz_50ms_0.25amp.wav,131748,132029,563,Unsuccessful,g,g,2025-10-09_22-27-07,2025-10-09_22-27-44
amanda502,am,block2,6,196,synchronized,550,synchronized,550,/Users/amandachirino/Desktop/cerebellum/tapping/stimuli/tapping_task_tone_1000Hz_50ms_0.25amp.wav,132299,132541,512,Unsuccessful,g,g,2025-10-09_22-27-07,2025-10-09_22-27-44
amanda502,am,block2,6,197,synchronized,550,synchronized,550,/Users/amandachirino/Desktop/cerebellum/tapping/stimuli/tapping_task_tone_1000Hz_50ms_0.25amp.wav,132849,133128,587,Unsuccessful,g,g,2025-10-09_22-27-07,2025-10-09_22-27-44
amanda502,am,block2,6,198,self_paced,550,self_paced,550,/Users/amandachirino/Desktop/cerebellum/tapping/stimuli/tapping_task_tone_1000Hz_50ms_0.25amp.wav,,133814,,Unsuccessful,g,g,2025-10-09_22-27-07,2025-10-09_22-27-44
amanda502,am,block2,7,199,synchronized,550,synchronized,550,/Users/amandachirino/Desktop/cerebellum/tapping/stimuli/tapping_task_tone_1000Hz_50ms_0.25amp.wav,166468,166800,,Unsuccessful,g,g,2025-10-09_22-27-46,2025-10-09_22-28-07
amanda502,am,block2,7,200,synchronized,550,synchronized,550,/Users/amandachirino/Desktop/cerebellum/tapping/stimuli/tapping_task_tone_1000Hz_50ms_0.25amp.wav,167018,167142,342,Unsuccessful,g,g,2025-10-09_22-27-46,2025-10-09_22-28-07
amanda502,am,block2,7,201,synchronized,550,synchronized,550,/Users/amandachirino/Desktop/cerebellum/tapping/stimuli/tapping_task_tone_1000Hz_50ms_0.25amp.wav,167568,,,Unsuccessful,,g,2025-10-09_22-27-46,2025-10-09_22-28-07
amanda502,am,block2,7,202,synchronized,550,synchronized,550,/Users/amandachirino/Desktop/cerebellum/tapping/stimuli/tapping_task_tone_1000Hz_50ms_0.25amp.wav,168119,,,Unsuccessful,,g,2025-10-09_22-27-46,2025-10-09_22-28-07
amanda502,am,block2,7,203,synchronized,550,synchronized,550,/Users/amandachirino/Desktop/cerebellum/tapping/stimuli/tapping_task_tone_1000Hz_50ms_0.25amp.wav,168669,,,Unsuccessful,,g,2025-10-09_22-27-46,2025-10-09_22-28-07
amanda502,am,block2,7,204,synchronized,550,synchronized,550,/Users/amandachirino/Desktop/cerebellum/tapping/stimuli/tapping_task_tone_1000Hz_50ms_0.25amp.wav,169220,,,Unsuccessful,,g,2025-10-09_22-27-46,2025-10-09_22-28-07
amanda502,am,block2,7,205,synchronized,550,synchronized,550,/Users/amandachirino/Desktop/cerebellum/tapping/stimuli/tapping_task_tone_1000Hz_50ms_0.25amp.wav,169771,,,Unsuccessful,,g,2025-10-09_22-27-46,2025-10-09_22-28-07
amanda502,am,block2,7,206,synchronized,550,synchronized,550,/Users/amandachirino/Desktop/cerebellum/tapping/stimuli/tapping_task_tone_1000Hz_50ms_0.25amp.wav,170322,,,Unsuccessful,,g,2025-10-09_22-27-46,2025-10-09_22-28-07
amanda502,am,block2,7,207,synchronized,550,synchronized,550,/Users/amandachirino/Desktop/cerebellum/tapping/stimuli/tapping_task_tone_1000Hz_50ms_0.25amp.wav,170873,,,Unsuccessful,,g,2025-10-09_22-27-46,2025-10-09_22-28-07
amanda502,am,block2,7,208,synchronized,550,synchronized,550,/Users/amandachirino/Desktop/cerebellum/tapping/stimuli/tapping_task_tone_1000Hz_50ms_0.25amp.wav,171424,,,Unsuccessful,,g,2025-10-09_22-27-46,2025-10-09_22-28-07
amanda502,am,block2,7,209,synchronized,550,synchronized,550,/Users/amandachirino/Desktop/cerebellum/tapping/stimuli/tapping_task_tone_1000Hz_50ms_0.25amp.wav,171975,,,Unsuccessful,,g,2025-10-09_22-27-46,2025-10-09_22-28-07
amanda502,am,block2,7,210,synchronized,550,synchronized,550,/Users/amandachirino/Desktop/cerebellum/tapping/stimuli/tapping_task_tone_1000Hz_50ms_0.25amp.wav,172526,172804,,Unsuccessful,g,g,2025-10-09_22-27-46,2025-10-09_22-28-07
amanda502,am,block2,7,211,synchronized,550,synchronized,550,/Users/amandachirino/Desktop/cerebellum/tapping/stimuli/tapping_task_tone_1000Hz_50ms_0.25amp.wav,173077,173106,302,Unsuccessful,g,g,2025-10-09_22-27-46,2025-10-09_22-28-07
amanda502,am,block2,7,212,synchronized,550,synchronized,550,/Users/amandachirino/Desktop/cerebellum/tapping/stimuli/tapping_task_tone_1000Hz_50ms_0.25amp.wav,173627,173653,547,Unsuccessful,g,g,2025-10-09_22-27-46,2025-10-09_22-28-07
amanda502,am,block2,7,213,synchronized,550,synchronized,550,/Users/amandachirino/Desktop/cerebellum/tapping/stimuli/tapping_task_tone_1000Hz_50ms_0.25amp.wav,174177,174242,589,Unsuccessful,g,g,2025-10-09_22-27-46,2025-10-09_22-28-07
amanda502,am,block2,7,214,synchronized,550,synchronized,550,/Users/amandachirino/Desktop/cerebellum/tapping/stimuli/tapping_task_tone_1000Hz_50ms_0.25amp.wav,174727,174794,552,Unsuccessful,g,g,2025-10-09_22-27-46,2025-10-09_22-28-07
amanda502,am,block2,7,215,synchronized,550,synchronized,550,/Users/amandachirino/Desktop/cerebellum/tapping/stimuli/tapping_task_tone_1000Hz_50ms_0.25amp.wav,175277,175342,548,Unsuccessful,g,g,2025-10-09_22-27-46,2025-10-09_22-28-07
amanda502,am,block2,7,216,synchronized,550,synchronized,550,/Users/amandachirino/Desktop/cerebellum/tapping/stimuli/tapping_task_tone_1000Hz_50ms_0.25amp.wav,175827,175827,485,Unsuccessful,g,g,2025-10-09_22-27-46,2025-10-09_22-28-07
amanda502,am,block2,7,217,synchronized,550,synchronized,550,/Users/amandachirino/Desktop/cerebellum/tapping/stimuli/tapping_task_tone_1000Hz_50ms_0.25amp.wav,176378,176430,603,Unsuccessful,g,g,2025-10-09_22-27-46,2025-10-09_22-28-07
amanda502,am,block2,7,218,synchronized,550,synchronized,550,/Users/amandachirino/Desktop/cerebellum/tapping/stimuli/tapping_task_tone_1000Hz_50ms_0.25amp.wav,176929,177016,586,Unsuccessful,g,g,2025-10-09_22-27-46,2025-10-09_22-28-07
amanda502,am,block2,7,219,synchronized,550,synchronized,550,/Users/amandachirino/Desktop/cerebellum/tapping/stimuli/tapping_task_tone_1000Hz_50ms_0.25amp.wav,177480,177566,550,Unsuccessful,g,g,2025-10-09_22-27-46,2025-10-09_22-28-07
amanda502,am,block2,7,220,self_paced,550,self_paced,550,/Users/amandachirino/Desktop/cerebellum/tapping/stimuli/tapping_task_tone_1000Hz_50ms_0.25amp.wav,,178189,,Unsuccessful,g,g,2025-10-09_22-27-46,2025-10-09_22-28-07
amanda502,am,block2,7,221,self_paced,550,self_paced,550,/Users/amandachirino/Desktop/cerebellum/tapping/stimuli/tapping_task_tone_1000Hz_50ms_0.25amp.wav,,178426,237,Unsuccessful,g,g,2025-10-09_22-27-46,2025-10-09_22-28-07
amanda502,am,block2,7,222,self_paced,550,self_paced,550,/Users/amandachirino/Desktop/cerebellum/tapping/stimuli/tapping_task_tone_1000Hz_50ms_0.25amp.wav,,178677,251,Unsuccessful,g,g,2025-10-09_22-27-46,2025-10-09_22-28-07
amanda502,am,block2,7,223,self_paced,550,self_paced,550,/Users/amandachirino/Desktop/cerebellum/tapping/stimuli/tapping_task_tone_1000Hz_50ms_0.25amp.wav,,178890,213,Unsuccessful,g,g,2025-10-09_22-27-46,2025-10-09_22-28-07
amanda502,am,block2,7,224,self_paced,550,self_paced,550,/Users/amandachirino/Desktop/cerebellum/tapping/stimuli/tapping_task_tone_1000Hz_50ms_0.25amp.wav,,179090,200,Unsuccessful,g,g,2025-10-09_22-27-46,2025-10-09_22-28-07
amanda502,am,block2,7,225,self_paced,550,self_paced,550,/Users/amandachirino/Desktop/cerebellum/tapping/stimuli/tapping_task_tone_1000Hz_50ms_0.25amp.wav,,179264,174,Unsuccessful,g,g,2025-10-09_22-27-46,2025-10-09_22-28-07
amanda502,am,block2,7,226,self_paced,550,self_paced,550,/Users/amandachirino/Desktop/cerebellum/tapping/stimuli/tapping_task_tone_1000Hz_50ms_0.25amp.wav,,179427,163,Unsuccessful,g,g,2025-10-09_22-27-46,2025-10-09_22-28-07
amanda502,am,block2,7,227,self_paced,550,self_paced,550,/Users/amandachirino/Desktop/cerebellum/tapping/stimuli/tapping_task_tone_1000Hz_50ms_0.25amp.wav,,179601,174,Unsuccessful,g,g,2025-10-09_22-27-46,2025-10-09_22-28-07
amanda502,am,block2,7,228,self_paced,550,self_paced,550,/Users/amandachirino/Desktop/cerebellum/tapping/stimuli/tapping_task_tone_1000Hz_50ms_0.25amp.wav,,179777,176,Unsuccessful,g,g,2025-10-09_22-27-46,2025-10-09_22-28-07
amanda502,am,block2,7,229,self_paced,550,self_paced,550,/Users/amandachirino/Desktop/cerebellum/tapping/stimuli/tapping_task_tone_1000Hz_50ms_0.25amp.wav,,179951,174,Unsuccessful,g,g,2025-10-09_22-27-46,2025-10-09_22-28-07
amanda502,am,block2,7,230,self_paced,550,self_paced,550,/Users/amandachirino/Desktop/cerebellum/tapping/stimuli/tapping_task_tone_1000Hz_50ms_0.25amp.wav,,180114,163,Unsuccessful,g,g,2025-10-09_22-27-46,2025-10-09_22-28-07
amanda502,am,block2,7,231,self_paced,550,self_paced,550,/Users/amandachirino/Desktop/cerebellum/tapping/stimuli/tapping_task_tone_1000Hz_50ms_0.25amp.wav,,180304,190,Unsuccessful,g,g,2025-10-09_22-27-46,2025-10-09_22-28-07
amanda502,am,block2,7,232,self_paced,550,self_paced,550,/Users/amandachirino/Desktop/cerebellum/tapping/stimuli/tapping_task_tone_1000Hz_50ms_0.25amp.wav,,180489,185,Unsuccessful,g,g,2025-10-09_22-27-46,2025-10-09_22-28-07
amanda502,am,block2,7,233,self_paced,550,self_paced,550,/Users/amandachirino/Desktop/cerebellum/tapping/stimuli/tapping_task_tone_1000Hz_50ms_0.25amp.wav,,180827,338,Unsuccessful,g,g,2025-10-09_22-27-46,2025-10-09_22-28-07
amanda502,am,block2,7,234,self_paced,550,self_paced,550,/Users/amandachirino/Desktop/cerebellum/tapping/stimuli/tapping_task_tone_1000Hz_50ms_0.25amp.wav,,181002,175,Unsuccessful,g,g,2025-10-09_22-27-46,2025-10-09_22-28-07
amanda502,am,block2,7,235,self_paced,550,self_paced,550,/Users/amandachirino/Desktop/cerebellum/tapping/stimuli/tapping_task_tone_1000Hz_50ms_0.25amp.wav,,181201,199,Unsuccessful,g,g,2025-10-09_22-27-46,2025-10-09_22-28-07
amanda502,am,block2,7,236,self_paced,550,self_paced,550,/Users/amandachirino/Desktop/cerebellum/tapping/stimuli/tapping_task_tone_1000Hz_50ms_0.25amp.wav,,181914,713,Unsuccessful,g,g,2025-10-09_22-27-46,2025-10-09_22-28-07
amanda502,am,block2,7,237,self_paced,550,self_paced,550,/Users/amandachirino/Desktop/cerebellum/tapping/stimuli/tapping_task_tone_1000Hz_50ms_0.25amp.wav,,182376,462,Unsuccessful,g,g,2025-10-09_22-27-46,2025-10-09_22-28-07
amanda502,am,block2,7,238,self_paced,550,self_paced,550,/Users/amandachirino/Desktop/cerebellum/tapping/stimuli/tapping_task_tone_1000Hz_50ms_0.25amp.wav,,182764,388,Unsuccessful,g,g,2025-10-09_22-27-46,2025-10-09_22-28-07
amanda502,am,block2,7,239,self_paced,550,self_paced,550,/Users/amandachirino/Desktop/cerebellum/tapping/stimuli/tapping_task_tone_1000Hz_50ms_0.25amp.wav,,183014,250,Unsuccessful,g,g,2025-10-09_22-27-46,2025-10-09_22-28-07
amanda502,am,block2,7,240,self_paced,550,self_paced,550,/Users/amandachirino/Desktop/cerebellum/tapping/stimuli/tapping_task_tone_1000Hz_50ms_0.25amp.wav,,183214,200,Unsuccessful,g,g,2025-10-09_22-27-46,2025-10-09_22-28-07
amanda502,am,block2,7,241,self_paced,550,self_paced,550,/Users/amandachirino/Desktop/cerebellum/tapping/stimuli/tapping_task_tone_1000Hz_50ms_0.25amp.wav,,183526,312,Unsuccessful,g,g,2025-10-09_22-27-46,2025-10-09_22-28-07
amanda502,am,block2,7,242,self_paced,550,self_paced,550,/Users/amandachirino/Desktop/cerebellum/tapping/stimuli/tapping_task_tone_1000Hz_50ms_0.25amp.wav,,183826,300,Unsuccessful,g,g,2025-10-09_22-27-46,2025-10-09_22-28-07
amanda502,am,block2,7,243,self_paced,550,self_paced,550,/Users/amandachirino/Desktop/cerebellum/tapping/stimuli/tapping_task_tone_1000Hz_50ms_0.25amp.wav,,184103,277,Unsuccessful,g,g,2025-10-09_22-27-46,2025-10-09_22-28-07
amanda502,am,block2,7,244,self_paced,550,self_paced,550,/Users/amandachirino/Desktop/cerebellum/tapping/stimuli/tapping_task_tone_1000Hz_50ms_0.25amp.wav,,184364,261,Unsuccessful,g,g,2025-10-09_22-27-46,2025-10-09_22-28-07
amanda502,am,block2,7,245,self_paced,550,self_paced,550,/Users/amandachirino/Desktop/cerebellum/tapping/stimuli/tapping_task_tone_1000Hz_50ms_0.25amp.wav,,184577,213,Unsuccessful,g,g,2025-10-09_22-27-46,2025-10-09_22-28-07
amanda502,am,block2,7,246,self_paced,550,self_paced,550,/Users/amandachirino/Desktop/cerebellum/tapping/stimuli/tapping_task_tone_1000Hz_50ms_0.25amp.wav,,184789,212,Unsuccessful,g,g,2025-10-09_22-27-46,2025-10-09_22-28-07
amanda502,am,block2,7,247,self_paced,550,self_paced,550,/Users/amandachirino/Desktop/cerebellum/tapping/stimuli/tapping_task_tone_1000Hz_50ms_0.25amp.wav,,185014,225,Unsuccessful,g,g,2025-10-09_22-27-46,2025-10-09_22-28-07
amanda502,am,block2,7,248,self_paced,550,self_paced,550,/Users/amandachirino/Desktop/cerebellum/tapping/stimuli/tapping_task_tone_1000Hz_50ms_0.25amp.wav,,185452,438,Unsuccessful,g,g,2025-10-09_22-27-46,2025-10-09_22-28-07
amanda502,am,block2,7,249,self_paced,550,self_paced,550,/Users/amandachirino/Desktop/cerebellum/tapping/stimuli/tapping_task_tone_1000Hz_50ms_0.25amp.wav,,185676,224,Unsuccessful,g,g,2025-10-09_22-27-46,2025-10-09_22-28-07
amanda502,am,block2,7,250,self_paced,550,self_paced,550,/Users/amandachirino/Desktop/cerebellum/tapping/stimuli/tapping_task_tone_1000Hz_50ms_0.25amp.wav,,186127,451,Unsuccessful,g,g,2025-10-09_22-27-46,2025-10-09_22-28-07
amanda502,am,block2,8,251,synchronized,550,synchronized,550,/Users/amandachirino/Desktop/cerebellum/tapping/stimuli/tapping_task_tone_1000Hz_50ms_0.25amp.wav,189158,189163,,Unsuccessful,g,g,2025-10-09_22-28-09,2025-10-09_22-28-25
amanda502,am,block2,8,252,synchronized,550,synchronized,550,/Users/amandachirino/Desktop/cerebellum/tapping/stimuli/tapping_task_tone_1000Hz_50ms_0.25amp.wav,189708,189819,656,Unsuccessful,g,g,2025-10-09_22-28-09,2025-10-09_22-28-25
amanda502,am,block2,8,253,synchronized,550,synchronized,550,/Users/amandachirino/Desktop/cerebellum/tapping/stimuli/tapping_task_tone_1000Hz_50ms_0.25amp.wav,190259,190259,440,Unsuccessful,g,g,2025-10-09_22-28-09,2025-10-09_22-28-25
amanda502,am,block2,8,254,synchronized,550,synchronized,550,/Users/amandachirino/Desktop/cerebellum/tapping/stimuli/tapping_task_tone_1000Hz_50ms_0.25amp.wav,190809,190855,596,Unsuccessful,g,g,2025-10-09_22-28-09,2025-10-09_22-28-25
amanda502,am,block2,8,255,synchronized,550,synchronized,550,/Users/amandachirino/Desktop/cerebellum/tapping/stimuli/tapping_task_tone_1000Hz_50ms_0.25amp.wav,191360,191469,614,Unsuccessful,g,g,2025-10-09_22-28-09,2025-10-09_22-28-25
amanda502,am,block2,8,256,synchronized,550,synchronized,550,/Users/amandachirino/Desktop/cerebellum/tapping/stimuli/tapping_task_tone_1000Hz_50ms_0.25amp.wav,191910,192167,698,Unsuccessful,g,g,2025-10-09_22-28-09,2025-10-09_22-28-25
amanda502,am,block2,8,257,synchronized,550,synchronized,550,/Users/amandachirino/Desktop/cerebellum/tapping/stimuli/tapping_task_tone_1000Hz_50ms_0.25amp.wav,192460,192516,349,Unsuccessful,g,g,2025-10-09_22-28-09,2025-10-09_22-28-25
amanda502,am,block2,8,258,synchronized,550,synchronized,550,/Users/amandachirino/Desktop/cerebellum/tapping/stimuli/tapping_task_tone_1000Hz_50ms_0.25amp.wav,193011,193030,514,Unsuccessful,g,g,2025-10-09_22-28-09,2025-10-09_22-28-25
amanda502,am,block2,8,259,synchronized,550,synchronized,550,/Users/amandachirino/Desktop/cerebellum/tapping/stimuli/tapping_task_tone_1000Hz_50ms_0.25amp.wav,193562,193562,532,Unsuccessful,g,g,2025-10-09_22-28-09,2025-10-09_22-28-25
amanda502,am,block2,8,260,synchronized,550,synchronized,550,/Users/amandachirino/Desktop/cerebellum/tapping/stimuli/tapping_task_tone_1000Hz_50ms_0.25amp.wav,194112,194155,593,Unsuccessful,g,g,2025-10-09_22-28-09,2025-10-09_22-28-25
amanda502,am,block2,8,261,synchronized,550,synchronized,550,/Users/amandachirino/Desktop/cerebellum/tapping/stimuli/tapping_task_tone_1000Hz_50ms_0.25amp.wav,194663,194733,578,Unsuccessful,g,g,2025-10-09_22-28-09,2025-10-09_22-28-25
amanda502,am,block2,8,262,synchronized,550,synchronized,550,/Users/amandachirino/Desktop/cerebellum/tapping/stimuli/tapping_task_tone_1000Hz_50ms_0.25amp.wav,195214,195214,481,Unsuccessful,g,g,2025-10-09_22-28-09,2025-10-09_22-28-25
amanda502,am,block2,8,263,self_paced,550,self_paced,550,/Users/amandachirino/Desktop/cerebellum/tapping/stimuli/tapping_task_tone_1000Hz_50ms_0.25amp.wav,,195878,,Unsuccessful,g,g,2025-10-09_22-28-09,2025-10-09_22-28-25
amanda502,am,block2,8,264,self_paced,550,self_paced,550,/Users/amandachirino/Desktop/cerebellum/tapping/stimuli/tapping_task_tone_1000Hz_50ms_0.25amp.wav,,196089,211,Unsuccessful,g,g,2025-10-09_22-28-09,2025-10-09_22-28-25
amanda502,am,block2,8,265,self_paced,550,self_paced,550,/Users/amandachirino/Desktop/cerebellum/tapping/stimuli/tapping_task_tone_1000Hz_50ms_0.25amp.wav,,196402,313,Unsuccessful,g,g,2025-10-09_22-28-09,2025-10-09_22-28-25
amanda502,am,block2,8,266,self_paced,550,self_paced,550,/Users/amandachirino/Desktop/cerebellum/tapping/stimuli/tapping_task_tone_1000Hz_50ms_0.25amp.wav,,196665,263,Unsuccessful,g,g,2025-10-09_22-28-09,2025-10-09_22-28-25
amanda502,am,block2,8,267,self_paced,550,self_paced,550,/Users/amandachirino/Desktop/cerebellum/tapping/stimuli/tapping_task_tone_1000Hz_50ms_0.25amp.wav,,196977,312,Unsuccessful,g,g,2025-10-09_22-28-09,2025-10-09_22-28-25
amanda502,am,block2,8,268,self_paced,550,self_paced,550,/Users/amandachirino/Desktop/cerebellum/tapping/stimuli/tapping_task_tone_1000Hz_50ms_0.25amp.wav,,197277,300,Unsuccessful,g,g,2025-10-09_22-28-09,2025-10-09_22-28-25
amanda502,am,block2,8,269,self_paced,550,self_paced,550,/Users/amandachirino/Desktop/cerebellum/tapping/stimuli/tapping_task_tone_1000Hz_50ms_0.25amp.wav,,197552,275,Unsuccessful,g,g,2025-10-09_22-28-09,2025-10-09_22-28-25
amanda502,am,block2,8,270,self_paced,550,self_paced,550,/Users/amandachirino/Desktop/cerebellum/tapping/stimuli/tapping_task_tone_1000Hz_50ms_0.25amp.wav,,197827,275,Unsuccessful,g,g,2025-10-09_22-28-09,2025-10-09_22-28-25
amanda502,am,block2,8,271,self_paced,550,self_paced,550,/Users/amandachirino/Desktop/cerebellum/tapping/stimuli/tapping_task_tone_1000Hz_50ms_0.25amp.wav,,198089,262,Unsuccessful,g,g,2025-10-09_22-28-09,2025-10-09_22-28-25
amanda502,am,block2,8,272,self_paced,550,self_paced,550,/Users/amandachirino/Desktop/cerebellum/tapping/stimuli/tapping_task_tone_1000Hz_50ms_0.25amp.wav,,198327,238,Unsuccessful,g,g,2025-10-09_22-28-09,2025-10-09_22-28-25
amanda502,am,block2,8,273,self_paced,550,self_paced,550,/Users/amandachirino/Desktop/cerebellum/tapping/stimuli/tapping_task_tone_1000Hz_50ms_0.25amp.wav,,198577,250,Unsuccessful,g,g,2025-10-09_22-28-09,2025-10-09_22-28-25
amanda502,am,block2,8,274,self_paced,550,self_paced,550,/Users/amandachirino/Desktop/cerebellum/tapping/stimuli/tapping_task_tone_1000Hz_50ms_0.25amp.wav,,198877,300,Unsuccessful,g,g,2025-10-09_22-28-09,2025-10-09_22-28-25
amanda502,am,block2,8,275,self_paced,550,self_paced,550,/Users/amandachirino/Desktop/cerebellum/tapping/stimuli/tapping_task_tone_1000Hz_50ms_0.25amp.wav,,199152,275,Unsuccessful,g,g,2025-10-09_22-28-09,2025-10-09_22-28-25
amanda502,am,block2,8,276,self_paced,550,self_paced,550,/Users/amandachirino/Desktop/cerebellum/tapping/stimuli/tapping_task_tone_1000Hz_50ms_0.25amp.wav,,199427,275,Unsuccessful,g,g,2025-10-09_22-28-09,2025-10-09_22-28-25
amanda502,am,block2,8,277,self_paced,550,self_paced,550,/Users/amandachirino/Desktop/cerebellum/tapping/stimuli/tapping_task_tone_1000Hz_50ms_0.25amp.wav,,199677,250,Unsuccessful,g,g,2025-10-09_22-28-09,2025-10-09_22-28-25
amanda502,am,block2,8,278,self_paced,550,self_paced,550,/Users/amandachirino/Desktop/cerebellum/tapping/stimuli/tapping_task_tone_1000Hz_50ms_0.25amp.wav,,199902,225,Unsuccessful,g,g,2025-10-09_22-28-09,2025-10-09_22-28-25
amanda502,am,block2,8,279,self_paced,550,self_paced,550,/Users/amandachirino/Desktop/cerebellum/tapping/stimuli/tapping_task_tone_1000Hz_50ms_0.25amp.wav,,200189,287,Unsuccessful,g,g,2025-10-09_22-28-09,2025-10-09_22-28-25
amanda502,am,block2,8,280,self_paced,550,self_paced,550,/Users/amandachirino/Desktop/cerebellum/tapping/stimuli/tapping_task_tone_1000Hz_50ms_0.25amp.wav,,200502,313,Unsuccessful,g,g,2025-10-09_22-28-09,2025-10-09_22-28-25
amanda502,am,block2,8,281,self_paced,550,self_paced,550,/Users/amandachirino/Desktop/cerebellum/tapping/stimuli/tapping_task_tone_1000Hz_50ms_0.25amp.wav,,200815,313,Unsuccessful,g,g,2025-10-09_22-28-09,2025-10-09_22-28-25
amanda502,am,block2,8,282,self_paced,550,self_paced,550,/Users/amandachirino/Desktop/cerebellum/tapping/stimuli/tapping_task_tone_1000Hz_50ms_0.25amp.wav,,201052,237,Unsuccessful,g,g,2025-10-09_22-28-09,2025-10-09_22-28-25
amanda502,am,block2,8,283,self_paced,550,self_paced,550,/Users/amandachirino/Desktop/cerebellum/tapping/stimuli/tapping_task_tone_1000Hz_50ms_0.25amp.wav,,201315,263,Unsuccessful,g,g,2025-10-09_22-28-09,2025-10-09_22-28-25
amanda502,am,block2,8,284,self_paced,550,self_paced,550,/Users/amandachirino/Desktop/cerebellum/tapping/stimuli/tapping_task_tone_1000Hz_50ms_0.25amp.wav,,201802,487,Unsuccessful,g,g,2025-10-09_22-28-09,2025-10-09_22-28-25
amanda502,am,block2,8,285,self_paced,550,self_paced,550,/Users/amandachirino/Desktop/cerebellum/tapping/stimuli/tapping_task_tone_1000Hz_50ms_0.25amp.wav,,202039,237,Unsuccessful,g,g,2025-10-09_22-28-09,2025-10-09_22-28-25
amanda502,am,block2,8,286,self_paced,550,self_paced,550,/Users/amandachirino/Desktop/cerebellum/tapping/stimuli/tapping_task_tone_1000Hz_50ms_0.25amp.wav,,202277,238,Unsuccessful,g,g,2025-10-09_22-28-09,2025-10-09_22-28-25
amanda502,am,block2,8,287,self_paced,550,self_paced,550,/Users/amandachirino/Desktop/cerebellum/tapping/stimuli/tapping_task_tone_1000Hz_50ms_0.25amp.wav,,202477,200,Unsuccessful,g,g,2025-10-09_22-28-09,2025-10-09_22-28-25
amanda502,am,block2,8,288,self_paced,550,self_paced,550,/Users/amandachirino/Desktop/cerebellum/tapping/stimuli/tapping_task_tone_1000Hz_50ms_0.25amp.wav,,202653,176,Unsuccessful,g,g,2025-10-09_22-28-09,2025-10-09_22-28-25
amanda502,am,block2,8,289,self_paced,550,self_paced,550,/Users/amandachirino/Desktop/cerebellum/tapping/stimuli/tapping_task_tone_1000Hz_50ms_0.25amp.wav,,202904,251,Unsuccessful,g,g,2025-10-09_22-28-09,2025-10-09_22-28-25
amanda502,am,block2,8,290,self_paced,550,self_paced,550,/Users/amandachirino/Desktop/cerebellum/tapping/stimuli/tapping_task_tone_1000Hz_50ms_0.25amp.wav,,203114,210,Unsuccessful,g,g,2025-10-09_22-28-09,2025-10-09_22-28-25
amanda502,am,block2,8,291,self_paced,550,self_paced,550,/Users/amandachirino/Desktop/cerebellum/tapping/stimuli/tapping_task_tone_1000Hz_50ms_0.25amp.wav,,203327,213,Unsuccessful,g,g,2025-10-09_22-28-09,2025-10-09_22-28-25
amanda502,am,block2,8,292,self_paced,550,self_paced,550,/Users/amandachirino/Desktop/cerebellum/tapping/stimuli/tapping_task_tone_1000Hz_50ms_0.25amp.wav,,203552,225,Unsuccessful,g,g,2025-10-09_22-28-09,2025-10-09_22-28-25
amanda502,am,block2,8,293,self_paced,550,self_paced,550,/Users/amandachirino/Desktop/cerebellum/tapping/stimuli/tapping_task_tone_1000Hz_50ms_0.25amp.wav,,203764,212,Unsuccessful,g,g,2025-10-09_22-28-09,2025-10-09_22-28-25
